Date,GBP/USD Close
1998-12-31,88.67
1999-01-01,88.67
1999-01-04,85.6
1999-01-05,83.95
1999-01-06,86.96
1999-01-07,83.12
1999-01-08,82.37
1999-01-11,77.03
1999-01-12,83.44
1999-01-13,86.46
1999-01-14,87.94
1999-01-15,88.65
1999-01-18,88.85
1999-01-19,87.84
1999-01-20,85.68
1999-01-21,87.78
1999-01-22,89.69
1999-01-25,88.77
1999-01-26,89.07
1999-01-27,90.29
1999-01-28,92.05
1999-01-29,91.68
1999-02-01,88.91
1999-02-02,83.71
1999-02-03,84.63
1999-02-04,84.83
1999-02-05,84.8
1999-02-08,87.74
1999-02-09,87.07
1999-02-10,86.28
1999-02-11,85.82
1999-02-12,86.76
1999-02-15,87.7
1999-02-16,94.06
1999-02-17,94.71
1999-02-18,95.94
1999-02-19,96.34
1999-02-22,96.56
1999-02-23,95.05
1999-02-24,94.34
1999-02-25,91.9
1999-02-26,60.67
1999-03-01,92.63
1999-03-02,94.26
1999-03-03,96.4
1999-03-04,98.59
1999-03-05,96.97
1999-03-08,95.59
1999-03-09,95.69
1999-03-10,95.07
1999-03-11,95.27
1999-03-12,93.72
1999-03-15,91
1999-03-16,91.74
1999-03-17,92.39
1999-03-18,91.35
1999-03-19,90.85
1999-03-22,92.27
1999-03-23,93.29
1999-03-24,92.93
1999-03-25,91.74
1999-03-26,95.21
1999-03-29,94.17
1999-03-30,93.97
1999-03-31,91.8
1999-04-01,93.17
1999-04-02,93.1
1999-04-05,94.93
1999-04-06,92.06
1999-04-07,93.54
1999-04-08,94.81
1999-04-09,94.56
1999-04-12,93.61
1999-04-13,93.56
1999-04-14,91.09
1999-04-15,91.2
1999-04-16,90
1999-04-19,89.33
1999-04-20,91.33
1999-04-21,92.36
1999-04-22,92.93
1999-04-23,92.73
1999-04-26,92.27
1999-04-27,94.88
1999-04-28,92.38
1999-04-29,91.38
1999-04-30,92.14
1999-05-03,93.58
1999-05-04,96.88
1999-05-05,97.5
1999-05-06,97.7
1999-05-07,97.06
1999-05-10,95.96
1999-05-11,96.34
1999-05-12,95.57
1999-05-13,97.45
1999-05-14,98.68
1999-05-17,99.76
1999-05-18,200.03
1999-05-19,201.05
1999-05-20,99.87
1999-05-21,98.52
1999-05-24,96.65
1999-05-25,96.67
1999-05-26,94.88
1999-05-27,92.59
1999-05-28,94.48
1999-05-31,94.86
1999-06-01,94.37
1999-06-02,94.72
1999-06-03,95.41
1999-06-04,96.94
1999-06-07,93.27
1999-06-08,90.82
1999-06-09,90.61
1999-06-10,90.82
1999-06-11,91.02
1999-06-14,93.81
1999-06-15,91.78
1999-06-16,91.04
1999-06-17,89.8
1999-06-18,92.18
1999-06-21,94.95
1999-06-22,93.45
1999-06-23,92.66
1999-06-24,93.54
1999-06-25,92.72
1999-06-28,91.76
1999-06-29,90.67
1999-06-30,91.12
1999-07-01,89.99
1999-07-02,91.22
1999-07-05,92.65
1999-07-06,90.57
1999-07-07,90.83
1999-07-08,91.14
1999-07-09,89.46
1999-07-12,90.28
1999-07-13,88.96
1999-07-14,88.57
1999-07-15,89.17
1999-07-16,89.06
1999-07-19,86.21
1999-07-20,86.54
1999-07-21,86.43
1999-07-22,84.8
1999-07-23,83.93
1999-07-26,85.44
1999-07-27,85.02
1999-07-28,85.46
1999-07-29,86.79
1999-07-30,85.82
1999-08-02,84.81
1999-08-03,86.83
1999-08-04,85.52
1999-08-05,84.37
1999-08-06,84.89
1999-08-09,85.08
1999-08-10,85.47
1999-08-11,85.82
1999-08-12,86.35
1999-08-13,85.86
1999-08-16,83.67
1999-08-17,82.88
1999-08-18,79.46
1999-08-19,80.27
1999-08-20,79.68
1999-08-23,78.54
1999-08-24,76.61
1999-08-25,76.16
1999-08-26,77.18
1999-08-27,77.18
1999-08-30,75.97
1999-08-31,76.05
1999-09-01,75.15
1999-09-02,75.55
1999-09-03,76.55
1999-09-06,76.31
1999-09-07,77.91
1999-09-08,79.88
1999-09-09,76.38
1999-09-10,76.16
1999-09-13,71.24
1999-09-14,70.14
1999-09-15,68.32
1999-09-16,70.77
1999-09-17,73.55
1999-09-20,72.4
1999-09-21,71.02
1999-09-22,69.3
1999-09-23,70.65
1999-09-24,71.06
1999-09-27,74.48
1999-09-28,75.1
1999-09-29,75.88
1999-09-30,75.16
1999-10-01,73.59
1999-10-04,75.86
1999-10-05,76.53
1999-10-06,78.1
1999-10-07,77.51
1999-10-08,77.29
1999-10-11,77.6
1999-10-12,76.18
1999-10-13,76.4
1999-10-14,78.58
1999-10-15,75.97
1999-10-18,75.37
1999-10-19,75.96
1999-10-20,77.12
1999-10-21,77.52
1999-10-22,75.61
1999-10-25,75.19
1999-10-26,73.08
1999-10-27,71.66
1999-10-28,72.2
1999-10-29,71.38
1999-11-01,71.09
1999-11-02,71.41
1999-11-03,72.38
1999-11-04,70.12
1999-11-05,71.73
1999-11-08,70.31
1999-11-09,70.35
1999-11-10,70.24
1999-11-11,70.45
1999-11-12,69.94
1999-11-15,70.06
1999-11-16,71.39
1999-11-17,71.39
1999-11-18,71.17
1999-11-19,72.29
1999-11-22,69.81
1999-11-23,69.09
1999-11-24,67.73
1999-11-25,68.24
1999-11-26,63.34
1999-11-29,64.16
1999-11-30,62.93
1999-12-01,64.42
1999-12-02,64.26
1999-12-03,64.41
1999-12-06,66.81
1999-12-07,66.27
1999-12-08,67.5
1999-12-09,66.38
1999-12-10,65.83
1999-12-13,67.6
1999-12-14,66.83
1999-12-15,66.39
1999-12-16,65.94
1999-12-17,65.36
1999-12-20,64.47
1999-12-21,64.68
1999-12-22,63.48
1999-12-23,64.26
1999-12-24,66.4
1999-12-27,65.39
1999-12-28,65.37
1999-12-29,65.46
1999-12-30,65.79
1999-12-31,65.49
2000-01-03,66.39
2000-01-04,69.05
2000-01-05,71.4
2000-01-06,73.77
2000-01-07,72.45
2000-01-10,72.1
2000-01-11,74.55
2000-01-12,74.57
2000-01-13,74.76
2000-01-14,72.78
2000-01-17,71.25
2000-01-18,72.88
2000-01-19,73.08
2000-01-20,74.09
2000-01-21,72.84
2000-01-24,74.24
2000-01-25,74.12
2000-01-26,73.2
2000-01-27,71.98
2000-01-28,73.52
2000-01-31,73.63
2000-02-01,74.15
2000-02-02,73.94
2000-02-03,71.86
2000-02-04,70.51
2000-02-07,73.64
2000-02-08,76.15
2000-02-09,76.14
2000-02-10,75.2
2000-02-11,73.54
2000-02-14,72.76
2000-02-15,74.07
2000-02-16,75.83
2000-02-17,77.8
2000-02-18,77.42
2000-02-21,78.1
2000-02-22,78.48
2000-02-23,78.43
2000-02-24,77.8
2000-02-25,75.55
2000-02-28,74.19
2000-02-29,73.93
2000-03-01,69.9
2000-03-02,69.91
2000-03-03,70.37
2000-03-06,69.31
2000-03-07,67.46
2000-03-08,69.21
2000-03-09,68.47
2000-03-10,67.41
2000-03-13,66.65
2000-03-14,65.64
2000-03-15,66.07
2000-03-16,66.32
2000-03-17,67.77
2000-03-20,66.84
2000-03-21,68.38
2000-03-22,68.57
2000-03-23,70.36
2000-03-24,70.42
2000-03-27,69.4
2000-03-28,68.22
2000-03-29,68.47
2000-03-30,68.4
2000-03-31,62.98
2000-04-03,67.54
2000-04-04,67.38
2000-04-05,66.15
2000-04-06,65.64
2000-04-07,66.63
2000-04-10,68.69
2000-04-11,69.9
2000-04-12,67.9
2000-04-13,68.14
2000-04-14,66.56
2000-04-17,65.1
2000-04-18,65.31
2000-04-19,65.46
2000-04-20,67.08
2000-04-21,67.09
2000-04-24,67.06
2000-04-25,67.21
2000-04-26,67.54
2000-04-27,67.6
2000-04-28,68.01
2000-05-01,69.05
2000-05-02,69.22
2000-05-03,70.39
2000-05-04,66.57
2000-05-05,65.69
2000-05-08,66.97
2000-05-09,67.83
2000-05-10,65.48
2000-05-11,63.13
2000-05-12,64.17
2000-05-15,65.08
2000-05-16,63.58
2000-05-17,63.29
2000-05-18,61.16
2000-05-19,58.58
2000-05-22,59.73
2000-05-23,57.4
2000-05-24,59.18
2000-05-25,58.08
2000-05-26,58.87
2000-05-29,60
2000-05-30,59.44
2000-05-31,61.34
2000-06-01,62.17
2000-06-02,63.1
2000-06-05,63.63
2000-06-06,61.55
2000-06-07,60.58
2000-06-08,60.49
2000-06-09,61.24
2000-06-12,61.41
2000-06-13,61.32
2000-06-14,60.09
2000-06-15,61.25
2000-06-16,60.92
2000-06-19,60.01
2000-06-20,60.13
2000-06-21,58.21
2000-06-22,58.11
2000-06-23,57.41
2000-06-26,58.46
2000-06-27,58.6
2000-06-28,59.51
2000-06-29,59.58
2000-06-30,60.53
2000-07-03,59.88
2000-07-04,60.92
2000-07-05,61.55
2000-07-06,61.96
2000-07-07,63.1
2000-07-10,62
2000-07-11,62.35
2000-07-12,63.23
2000-07-13,62.57
2000-07-14,61.68
2000-07-17,61.97
2000-07-18,62.27
2000-07-19,62.1
2000-07-20,62.88
2000-07-21,65.37
2000-07-24,64.77
2000-07-25,65.73
2000-07-26,65.57
2000-07-27,65.26
2000-07-28,64.97
2000-07-31,64.02
2000-08-01,63.18
2000-08-02,62.72
2000-08-03,62.08
2000-08-04,63.05
2000-08-07,64.91
2000-08-08,63.51
2000-08-09,61.94
2000-08-10,62.92
2000-08-11,63.39
2000-08-14,64.69
2000-08-15,64.14
2000-08-16,63.05
2000-08-17,62.78
2000-08-18,61.57
2000-08-21,61.64
2000-08-22,60.72
2000-08-23,59.13
2000-08-24,58.3
2000-08-25,57.31
2000-08-28,56.63
2000-08-29,54.47
2000-08-30,55.16
2000-08-31,54.89
2000-09-01,54.51
2000-09-04,54.34
2000-09-05,53.89
2000-09-06,52.34
2000-09-07,51.06
2000-09-08,50.74
2000-09-11,49.35
2000-09-12,50.39
2000-09-13,50.97
2000-09-14,51.32
2000-09-15,50.13
2000-09-18,50.34
2000-09-19,50.8
2000-09-20,50.29
2000-09-21,53.28
2000-09-22,57.65
2000-09-25,56.28
2000-09-26,57.38
2000-09-27,57.04
2000-09-28,57.47
2000-09-29,59.5
2000-10-02,59.89
2000-10-03,58.58
2000-10-04,59.57
2000-10-05,57.88
2000-10-06,57.18
2000-10-09,57.45
2000-10-10,56.53
2000-10-11,57.14
2000-10-12,58.05
2000-10-13,56.49
2000-10-16,56.47
2000-10-17,56.55
2000-10-18,55.4
2000-10-19,56.49
2000-10-20,57.99
2000-10-23,57.29
2000-10-24,56.56
2000-10-25,55.23
2000-10-26,55.42
2000-10-27,57.87
2000-10-30,58.24
2000-10-31,58.01
2000-11-01,56.9
2000-11-02,56.51
2000-11-03,55.11
2000-11-06,53.5
2000-11-07,53.62
2000-11-08,52.62
2000-11-09,53.74
2000-11-10,54.02
2000-11-13,54.9
2000-11-14,54.58
2000-11-15,55.37
2000-11-16,55.17
2000-11-17,54.92
2000-11-20,56.42
2000-11-21,56.17
2000-11-22,55.55
2000-11-23,54.4
2000-11-24,55.94
2000-11-27,56.81
2000-11-28,56.21
2000-11-29,58.28
2000-11-30,57.28
2000-12-01,59.99
2000-12-04,61.51
2000-12-05,59.46
2000-12-06,59.17
2000-12-07,59.6
2000-12-08,60.89
2000-12-11,61.37
2000-12-12,61.58
2000-12-13,63.52
2000-12-14,65.26
2000-12-15,65.97
2000-12-18,65.42
2000-12-19,65.06
2000-12-20,66.62
2000-12-21,65.27
2000-12-22,66.59
2000-12-25,66.59
2000-12-26,68.68
2000-12-27,70.9
2000-12-28,70.63
2000-12-29,71.22
2001-01-01,71.22
2001-01-02,71.61
2001-01-03,69.61
2001-01-04,73.51
2001-01-05,75.25
2001-01-08,73.32
2001-01-09,74.01
2001-01-10,73.5
2001-01-11,75.94
2001-01-12,74.93
2001-01-15,75.3
2001-01-16,72.64
2001-01-17,75.17
2001-01-18,74.02
2001-01-19,71.57
2001-01-22,70.62
2001-01-23,72.03
2001-01-24,72.05
2001-01-25,70.22
2001-01-26,71.32
2001-01-29,70.35
2001-01-30,69.39
2001-01-31,70.28
2001-02-01,71.05
2001-02-02,69.74
2001-02-05,69.4
2001-02-06,67.39
2001-02-07,69.15
2001-02-08,68.43
2001-02-09,70.04
2001-02-12,70.64
2001-02-13,69.3
2001-02-14,69.65
2001-02-15,67.57
2001-02-16,67.41
2001-02-19,67.8
2001-02-20,67.31
2001-02-21,68.27
2001-02-22,68.24
2001-02-23,68.23
2001-02-26,68.9
2001-02-27,67.87
2001-02-28,69.82
2001-03-01,70.99
2001-03-02,74.9
2001-03-05,74.78
2001-03-06,74.49
2001-03-07,75.09
2001-03-08,75.91
2001-03-09,75.59
2001-03-12,76.31
2001-03-13,73.89
2001-03-14,74.96
2001-03-15,76.07
2001-03-16,75.46
2001-03-19,75
2001-03-20,75.03
2001-03-21,76.69
2001-03-22,75.63
2001-03-23,75.63
2001-03-26,76.15
2001-03-27,74.96
2001-03-28,75.8
2001-03-29,76.37
2001-03-30,78.8
2001-04-02,79.16
2001-04-03,80.06
2001-04-04,79.83
2001-04-05,77.24
2001-04-06,78.22
2001-04-09,80.87
2001-04-10,78.44
2001-04-11,79.22
2001-04-12,78.05
2001-04-13,78.85
2001-04-16,78.4
2001-04-17,76.37
2001-04-18,74.51
2001-04-19,75.62
2001-04-20,76.64
2001-04-23,74.47
2001-04-24,75.43
2001-04-25,75.06
2001-04-26,77.49
2001-04-27,77.83
2001-04-30,76.98
2001-05-01,75.21
2001-05-02,74.5
2001-05-03,74.37
2001-05-04,74.43
2001-05-07,74.38
2001-05-08,73.04
2001-05-09,73.77
2001-05-10,74.5
2001-05-11,74.09
2001-05-14,75.03
2001-05-15,75.84
2001-05-16,76.71
2001-05-17,76.23
2001-05-18,78.01
2001-05-21,76.39
2001-05-22,75.14
2001-05-23,69.97
2001-05-24,69.07
2001-05-25,71.48
2001-05-28,72.07
2001-05-29,70.85
2001-05-30,71.73
2001-05-31,71.97
2001-06-01,68.87
2001-06-04,68.81
2001-06-05,69.79
2001-06-06,67.44
2001-06-07,66.86
2001-06-08,67.12
2001-06-11,67.59
2001-06-12,67.13
2001-06-13,69.78
2001-06-14,70.16
2001-06-15,72.88
2001-06-18,73.25
2001-06-19,72.36
2001-06-20,73.06
2001-06-21,76.25
2001-06-22,75.6
2001-06-25,75.09
2001-06-26,75.14
2001-06-27,76.04
2001-06-28,75.68
2001-06-29,76.37
2001-07-02,76.19
2001-07-03,74.93
2001-07-04,75.14
2001-07-05,76.13
2001-07-06,77.99
2001-07-09,76.63
2001-07-10,76.89
2001-07-11,75.11
2001-07-12,74.25
2001-07-13,75.1
2001-07-16,75.76
2001-07-17,75.07
2001-07-18,75.67
2001-07-19,76.21
2001-07-20,75.77
2001-07-23,76.58
2001-07-24,76.39
2001-07-25,76.52
2001-07-26,76.72
2001-07-27,76.07
2001-07-30,78.57
2001-07-31,78.33
2001-08-01,78.79
2001-08-02,77.19
2001-08-03,76.73
2001-08-06,75.91
2001-08-07,74.99
2001-08-08,74.77
2001-08-09,73.78
2001-08-10,73.73
2001-08-13,74.13
2001-08-14,73.87
2001-08-15,72.3
2001-08-16,73.46
2001-08-17,73.98
2001-08-20,74.35
2001-08-21,73.62
2001-08-22,74.53
2001-08-23,73.36
2001-08-24,73.42
2001-08-27,73.28
2001-08-28,74.29
2001-08-29,74.5
2001-08-30,74.04
2001-08-31,72.78
2001-09-03,72.78
2001-09-04,72.3
2001-09-05,76.02
2001-09-06,76.24
2001-09-07,75.52
2001-09-10,76.35
2001-09-11,76.09
2001-09-12,75.43
2001-09-13,74.5
2001-09-14,72.21
2001-09-17,72.26
2001-09-18,72.17
2001-09-19,72.68
2001-09-20,72.7
2001-09-21,69.94
2001-09-24,71.98
2001-09-25,72.9
2001-09-26,73.8
2001-09-27,76.34
2001-09-28,75.92
2001-10-01,77.71
2001-10-02,77.55
2001-10-03,78.14
2001-10-04,78.15
2001-10-05,78.15
2001-10-08,76.6
2001-10-09,75.48
2001-10-10,74.66
2001-10-11,75.44
2001-10-12,76.05
2001-10-15,75.19
2001-10-16,75.62
2001-10-17,75.46
2001-10-18,75.16
2001-10-19,73.93
2001-10-22,74.5
2001-10-23,74.86
2001-10-24,75.5
2001-10-25,75.67
2001-10-26,76.42
2001-10-29,77.25
2001-10-30,77.3
2001-10-31,78
2001-11-01,78.38
2001-11-02,77.99
2001-11-05,77.79
2001-11-06,76.79
2001-11-07,76.82
2001-11-08,74.54
2001-11-09,75.1
2001-11-12,75.12
2001-11-13,75.41
2001-11-14,75.21
2001-11-15,75.36
2001-11-16,75.49
2001-11-19,74.27
2001-11-20,74.1
2001-11-21,74.31
2001-11-22,75
2001-11-23,75.43
2001-11-26,75.15
2001-11-27,75.35
2001-11-28,75.38
2001-11-29,76.55
2001-11-30,75.85
2001-12-03,76.77
2001-12-04,76.45
2001-12-05,75.86
2001-12-06,78.18
2001-12-07,79.96
2001-12-10,80.85
2001-12-11,81.41
2001-12-12,82.63
2001-12-13,82.03
2001-12-14,85.17
2001-12-17,86.14
2001-12-18,86.16
2001-12-19,85.75
2001-12-20,86.19
2001-12-21,86.46
2001-12-24,87.16
2001-12-25,89.05
2001-12-26,90.25
2001-12-27,91.07
2001-12-28,90.14
2001-12-31,91.42
2002-01-01,91.42
2002-01-02,90.88
2002-01-03,89.45
2002-01-04,89.44
2002-01-07,88.6
2002-01-08,91
2002-01-09,90.58
2002-01-10,91.28
2002-01-11,90.97
2002-01-14,91.16
2002-01-15,89.04
2002-01-16,89.42
2002-01-17,90.11
2002-01-18,90.73
2002-01-21,90.23
2002-01-22,91.43
2002-01-23,91.15
2002-01-24,91.69
2002-01-25,89.2
2002-01-28,87.81
2002-01-29,88.5
2002-01-30,87.78
2002-01-31,90.05
2002-02-01,88.62
2002-02-04,88.1
2002-02-05,89.38
2002-02-06,88.72
2002-02-07,88.72
2002-02-08,90.55
2002-02-11,89.78
2002-02-12,90.14
2002-02-13,90.35
2002-02-14,88.94
2002-02-15,89.9
2002-02-18,89.5
2002-02-19,91.38
2002-02-20,90.92
2002-02-21,91.29
2002-02-22,92.2
2002-02-25,90.91
2002-02-26,90.71
2002-02-27,90.59
2002-02-28,89.38
2002-03-01,89.06
2002-03-04,88.13
2002-03-05,88.27
2002-03-06,86.1
2002-03-07,81.24
2002-03-08,82.63
2002-03-11,81.98
2002-03-12,82.16
2002-03-13,83.22
2002-03-14,83.44
2002-03-15,83.9
2002-03-18,87.4
2002-03-19,88.01
2002-03-20,87.73
2002-03-21,88.17
2002-03-22,89.32
2002-03-25,90.09
2002-03-26,89.57
2002-03-27,89.14
2002-03-28,89.17
2002-03-29,89.11
2002-04-01,92.3
2002-04-02,91.67
2002-04-03,90.57
2002-04-04,89.59
2002-04-05,88.56
2002-04-08,87.99
2002-04-09,88.12
2002-04-10,87.73
2002-04-11,89.24
2002-04-12,89.73
2002-04-15,89.73
2002-04-16,88.72
2002-04-17,88.87
2002-04-18,88.12
2002-04-19,88.75
2002-04-22,88.38
2002-04-23,88.36
2002-04-24,87.61
2002-04-25,87.09
2002-04-26,86.32
2002-04-29,86.8
2002-04-30,87.26
2002-05-01,86.44
2002-05-02,86.17
2002-05-03,86.4
2002-05-06,86.91
2002-05-07,87.88
2002-05-08,87.43
2002-05-09,87.31
2002-05-10,86.57
2002-05-13,86.09
2002-05-14,86.29
2002-05-15,86.29
2002-05-16,86.65
2002-05-17,83.55
2002-05-20,82.92
2002-05-21,80.82
2002-05-22,81.17
2002-05-23,81.62
2002-05-24,81.64
2002-05-27,81.74
2002-05-28,81.62
2002-05-29,81.76
2002-05-30,80.52
2002-05-31,80.91
2002-06-03,81.04
2002-06-04,80.95
2002-06-05,81.62
2002-06-06,81.57
2002-06-07,81.57
2002-06-10,81.98
2002-06-11,84.44
2002-06-12,84.82
2002-06-13,83.97
2002-06-14,83.23
2002-06-17,84.06
2002-06-18,85.4
2002-06-19,84.62
2002-06-20,84.99
2002-06-21,81.68
2002-06-24,81.68
2002-06-25,82.9
2002-06-26,82.97
2002-06-27,83.39
2002-06-28,82.96
2002-07-01,83.72
2002-07-02,84.23
2002-07-03,82.59
2002-07-04,83.1
2002-07-05,83.06
2002-07-08,83.1
2002-07-09,82.58
2002-07-10,81.93
2002-07-11,81.9
2002-07-12,81.22
2002-07-15,82.6
2002-07-16,82.31
2002-07-17,82.73
2002-07-18,83.28
2002-07-19,82.66
2002-07-22,83.49
2002-07-23,83.42
2002-07-24,83.34
2002-07-25,84.53
2002-07-26,86.17
2002-07-29,87.02
2002-07-30,88.98
2002-07-31,87.15
2002-08-01,86.09
2002-08-02,86.8
2002-08-05,86.86
2002-08-06,85.87
2002-08-07,84.75
2002-08-08,85.13
2002-08-09,83.07
2002-08-12,82.19
2002-08-13,82.45
2002-08-14,80.35
2002-08-15,80.15
2002-08-16,80.7
2002-08-19,80.91
2002-08-20,81.5
2002-08-21,81.47
2002-08-22,82.33
2002-08-23,81.79
2002-08-26,82.02
2002-08-27,81.35
2002-08-28,82.19
2002-08-29,83.07
2002-08-30,83.27
2002-09-02,83
2002-09-03,82.99
2002-09-04,84.58
2002-09-05,85.33
2002-09-06,84.66
2002-09-09,84.9
2002-09-10,86.46
2002-09-11,86.91
2002-09-12,87.4
2002-09-13,88.94
2002-09-16,88.73
2002-09-17,88.2
2002-09-18,88.93
2002-09-19,88.96
2002-09-20,91.85
2002-09-23,91.07
2002-09-24,92.15
2002-09-25,91.48
2002-09-26,91.01
2002-09-27,91.61
2002-09-30,91.11
2002-10-01,91.92
2002-10-02,92.71
2002-10-03,92.39
2002-10-04,92.96
2002-10-07,94.28
2002-10-08,93.27
2002-10-09,92.96
2002-10-10,93.36
2002-10-11,93.63
2002-10-14,93.6
2002-10-15,93.56
2002-10-16,93.41
2002-10-17,93.76
2002-10-18,93.97
2002-10-21,92.76
2002-10-22,93.58
2002-10-23,92.88
2002-10-24,93.35
2002-10-25,92.64
2002-10-28,92.64
2002-10-29,91.28
2002-10-30,91.36
2002-10-31,91.87
2002-11-01,90.99
2002-11-04,90.28
2002-11-05,90.35
2002-11-06,90.54
2002-11-07,91.61
2002-11-08,90.36
2002-11-11,89.61
2002-11-12,90.09
2002-11-13,90.66
2002-11-14,90.26
2002-11-15,90.2
2002-11-18,91.53
2002-11-19,93
2002-11-20,92.91
2002-11-21,93.79
2002-11-22,94.04
2002-11-25,90.87
2002-11-26,88.65
2002-11-27,89.15
2002-11-28,89.75
2002-11-29,90.77
2002-12-02,94.31
2002-12-03,95.56
2002-12-04,95.53
2002-12-05,96.36
2002-12-06,95.03
2002-12-09,94.79
2002-12-10,94.39
2002-12-11,94.92
2002-12-12,94.1
2002-12-13,91.58
2002-12-16,93.03
2002-12-17,93.79
2002-12-18,93.85
2002-12-19,93.31
2002-12-20,92.98
2002-12-23,92
2002-12-24,91.87
2002-12-25,91.14
2002-12-26,91.96
2002-12-27,92.13
2002-12-30,90.13
2002-12-31,91.19
2003-01-01,91.19
2003-01-02,91.12
2003-01-03,92.57
2003-01-06,91.39
2003-01-07,93.26
2003-01-08,91.89
2003-01-09,91.8
2003-01-10,92.73
2003-01-13,90.11
2003-01-14,89.45
2003-01-15,89.43
2003-01-16,89.9
2003-01-17,90.67
2003-01-20,90
2003-01-21,90.9
2003-01-22,91.46
2003-01-23,91.37
2003-01-24,92.46
2003-01-27,93.93
2003-01-28,94.46
2003-01-29,94.88
2003-01-30,97.02
2003-01-31,97.56
2003-02-03,97.47
2003-02-04,97.42
2003-02-05,97.35
2003-02-06,96.27
2003-02-07,96.2
2003-02-10,97.3
2003-02-11,96.02
2003-02-12,95.94
2003-02-13,95.44
2003-02-14,93.82
2003-02-17,92.17
2003-02-18,89.13
2003-02-19,89.47
2003-02-20,90.46
2003-02-21,87.58
2003-02-24,86.9
2003-02-25,84.51
2003-02-26,84.97
2003-02-27,85.73
2003-02-28,85.85
2003-03-03,85.68
2003-03-04,86.41
2003-03-05,87.96
2003-03-06,88.04
2003-03-07,87.3
2003-03-10,87.04
2003-03-11,88.12
2003-03-12,89.02
2003-03-13,89.74
2003-03-14,87.35
2003-03-17,86
2003-03-18,86.18
2003-03-19,88.4
2003-03-20,88.33
2003-03-21,90.18
2003-03-24,90.02
2003-03-25,88.9
2003-03-26,89.04
2003-03-27,87.75
2003-03-28,88.55
2003-03-31,86.68
2003-04-01,86.2
2003-04-02,86.29
2003-04-03,87.7
2003-04-04,87.25
2003-04-07,86.28
2003-04-08,86.29
2003-04-09,87.81
2003-04-10,88.06
2003-04-11,89.34
2003-04-14,89.21
2003-04-15,88.79
2003-04-16,88.76
2003-04-17,87.97
2003-04-18,88.35
2003-04-21,88.2
2003-04-22,89.2
2003-04-23,91.2
2003-04-24,91
2003-04-25,91.2
2003-04-28,91.36
2003-04-29,91.02
2003-04-30,90.15
2003-05-01,90.83
2003-05-02,90.8
2003-05-05,90.59
2003-05-06,89.63
2003-05-07,85.7
2003-05-08,87.08
2003-05-09,88.09
2003-05-12,88.34
2003-05-13,87.59
2003-05-14,87.91
2003-05-15,88.86
2003-05-16,88.15
2003-05-19,91.58
2003-05-20,91.52
2003-05-21,91.84
2003-05-22,91.79
2003-05-23,91.41
2003-05-26,91.59
2003-05-27,92.09
2003-05-28,94.44
2003-05-29,95.57
2003-05-30,95.55
2003-06-02,94.1
2003-06-03,93.9
2003-06-04,93.94
2003-06-05,95.5
2003-06-06,97.18
2003-06-09,94.36
2003-06-10,94.45
2003-06-11,96.18
2003-06-12,96.22
2003-06-13,96.23
2003-06-16,97.37
2003-06-17,99
2003-06-18,97.91
2003-06-19,98.57
2003-06-20,96.58
2003-06-23,96.28
2003-06-24,96.19
2003-06-25,97.39
2003-06-26,98.41
2003-06-27,97.3
2003-06-30,98.25
2003-07-01,98.67
2003-07-02,96.35
2003-07-03,97.54
2003-07-04,96.77
2003-07-07,94.8
2003-07-08,93.21
2003-07-09,92.44
2003-07-10,92.45
2003-07-11,91.88
2003-07-14,89.78
2003-07-15,87.43
2003-07-16,88.6
2003-07-17,89.41
2003-07-18,88.26
2003-07-21,89.5
2003-07-22,90.3
2003-07-23,91.3
2003-07-24,92.14
2003-07-25,92.56
2003-07-28,94.1
2003-07-29,94.6
2003-07-30,94.4
2003-07-31,94.15
2003-08-01,93.05
2003-08-04,93.82
2003-08-05,92.98
2003-08-06,93.4
2003-08-07,92.65
2003-08-08,90.89
2003-08-11,91
2003-08-12,89.96
2003-08-13,91.39
2003-08-14,90.6
2003-08-15,90.1
2003-08-18,89.96
2003-08-19,88.02
2003-08-20,88.55
2003-08-21,85.66
2003-08-22,85.25
2003-08-25,84.48
2003-08-26,84.1
2003-08-27,84.58
2003-08-28,84.9
2003-08-29,84.19
2003-09-01,82.99
2003-09-02,82.07
2003-09-03,82.15
2003-09-04,84.6
2003-09-05,85.64
2003-09-08,84.65
2003-09-09,85.67
2003-09-10,86.28
2003-09-11,86.69
2003-09-12,88.16
2003-09-15,88.12
2003-09-16,84.32
2003-09-17,86.99
2003-09-18,86.1
2003-09-19,86.65
2003-09-22,84.92
2003-09-23,85.23
2003-09-24,84.85
2003-09-25,86
2003-09-26,85.44
2003-09-29,84.75
2003-09-30,85.3
2003-10-01,84.48
2003-10-02,84.86
2003-10-03,84.42
2003-10-06,85.4
2003-10-07,82.67
2003-10-08,82.1
2003-10-09,82
2003-10-10,80.9
2003-10-13,81.5
2003-10-14,82.04
2003-10-15,82.59
2003-10-16,83.86
2003-10-17,83.5
2003-10-20,84.52
2003-10-21,83.37
2003-10-22,84.41
2003-10-23,85.78
2003-10-24,85.53
2003-10-27,84.08
2003-10-28,83.81
2003-10-29,84.12
2003-10-30,84.4
2003-10-31,86.41
2003-11-03,86.2
2003-11-04,84.32
2003-11-05,83.87
2003-11-06,83.86
2003-11-07,82.89
2003-11-10,81.1
2003-11-11,81.05
2003-11-12,81.97
2003-11-13,82.42
2003-11-14,82.75
2003-11-17,84.39
2003-11-18,83.96
2003-11-19,85.49
2003-11-20,85.33
2003-11-21,85.37
2003-11-24,85.57
2003-11-25,85.88
2003-11-26,86.62
2003-11-27,87.05
2003-11-28,88.55
2003-12-01,88.3
2003-12-02,87.79
2003-12-03,86.79
2003-12-04,86.25
2003-12-05,86.18
2003-12-08,86.2
2003-12-09,87.02
2003-12-10,88.68
2003-12-11,88.49
2003-12-12,88.16
2003-12-15,87.85
2003-12-16,88.53
2003-12-17,89.65
2003-12-18,90.68
2003-12-19,90.45
2003-12-22,89.66
2003-12-23,89.42
2003-12-24,90.5
2003-12-25,90.4
2003-12-26,90.1
2003-12-29,89.59
2003-12-30,90.41
2003-12-31,91.7
2004-01-01,91.5
2004-01-02,91.65
2004-01-05,91.8
2004-01-06,93.68
2004-01-07,93.2
2004-01-08,94.53
2004-01-09,96.54
2004-01-12,97.04
2004-01-13,95.72
2004-01-14,94.69
2004-01-15,93.54
2004-01-16,91.91
2004-01-19,91.33
2004-01-20,94.84
2004-01-21,95.65
2004-01-22,95.68
2004-01-23,93.97
2004-01-26,92.69
2004-01-27,92.93
2004-01-28,92.9
2004-01-29,92.29
2004-01-30,92.91
2004-02-02,91.93
2004-02-03,94.04
2004-02-04,93.25
2004-02-05,94.18
2004-02-06,94.82
2004-02-09,96.36
2004-02-10,97.45
2004-02-11,98.85
2004-02-12,99.18
2004-02-13,98.85
2004-02-16,99.25
2004-02-17,201.12
2004-02-18,201.52
2004-02-19,203.21
2004-02-20,202.8
2004-02-23,202.26
2004-02-24,204.3
2004-02-25,203.98
2004-02-26,204.03
2004-02-27,203.8
2004-03-01,203.52
2004-03-02,202.53
2004-03-03,201.37
2004-03-04,202.49
2004-03-05,206.91
2004-03-08,205.33
2004-03-09,203.18
2004-03-10,99.98
2004-03-11,200.66
2004-03-12,200.12
2004-03-15,98.87
2004-03-16,97.12
2004-03-17,96.7
2004-03-18,95.71
2004-03-19,95.56
2004-03-22,97.14
2004-03-23,97.32
2004-03-24,93.47
2004-03-25,91.81
2004-03-26,92.12
2004-03-29,91.75
2004-03-30,92.87
2004-03-31,92.44
2004-04-01,92.49
2004-04-02,91.47
2004-04-05,91.01
2004-04-06,94.38
2004-04-07,93.8
2004-04-08,94.45
2004-04-09,95
2004-04-12,93.85
2004-04-13,94.11
2004-04-14,94.81
2004-04-15,94.11
2004-04-16,93.58
2004-04-19,96.14
2004-04-20,94.35
2004-04-21,94.14
2004-04-22,93.93
2004-04-23,93.37
2004-04-26,94.36
2004-04-27,96
2004-04-28,94.83
2004-04-29,95.07
2004-04-30,96.31
2004-05-03,95.51
2004-05-04,96.56
2004-05-05,94.83
2004-05-06,97.1
2004-05-07,200.62
2004-05-10,202.01
2004-05-11,98.55
2004-05-12,200.7
2004-05-13,201.87
2004-05-14,200.93
2004-05-17,202.12
2004-05-18,201.59
2004-05-19,201.2
2004-05-20,200.5
2004-05-21,200.75
2004-05-24,202.01
2004-05-25,202.5
2004-05-26,202.91
2004-05-27,203.9
2004-05-28,202.29
2004-05-31,200.3
2004-06-01,203.5
2004-06-02,202.02
2004-06-03,204.07
2004-06-04,204.39
2004-06-07,201.76
2004-06-08,201.2
2004-06-09,202
2004-06-10,201.5
2004-06-11,200.25
2004-06-14,201.6
2004-06-15,200.58
2004-06-16,201.21
2004-06-17,201.25
2004-06-18,200
2004-06-21,99.05
2004-06-22,98.81
2004-06-23,97.2
2004-06-24,95.7
2004-06-25,96.45
2004-06-28,97.59
2004-06-29,95.75
2004-06-30,97.9
2004-07-01,96.94
2004-07-02,98.58
2004-07-05,99.53
2004-07-06,201.59
2004-07-07,201.2
2004-07-08,201.42
2004-07-09,201.5
2004-07-12,201.79
2004-07-13,201.93
2004-07-14,202.41
2004-07-15,203.26
2004-07-16,203.79
2004-07-19,202.14
2004-07-20,201.22
2004-07-21,202.2
2004-07-22,202.36
2004-07-23,201.46
2004-07-26,202.5
2004-07-27,202.2
2004-07-28,203.55
2004-07-29,203.63
2004-07-30,202.67
2004-08-02,202.59
2004-08-03,202
2004-08-04,202.8
2004-08-05,203.77
2004-08-06,203.3
2004-08-09,203.6
2004-08-10,203.39
2004-08-11,202.77
2004-08-12,202.21
2004-08-13,203.88
2004-08-16,203.54
2004-08-17,201.15
2004-08-18,99.36
2004-08-19,200.25
2004-08-20,98.51
2004-08-23,98.5
2004-08-24,96.5
2004-08-25,97.9
2004-08-26,96.62
2004-08-27,96.22
2004-08-30,97.21
2004-08-31,96.8
2004-09-01,96.25
2004-09-02,95.86
2004-09-03,96.51
2004-09-06,96.2
2004-09-07,94.01
2004-09-08,95.48
2004-09-09,96
2004-09-10,96.82
2004-09-13,97.79
2004-09-14,96.95
2004-09-15,95.36
2004-09-16,96.5
2004-09-17,97.2
2004-09-20,96.24
2004-09-21,97.2
2004-09-22,98.15
2004-09-23,99.21
2004-09-24,99.72
2004-09-27,201.36
2004-09-28,201.87
2004-09-29,99.52
2004-09-30,99.31
2004-10-01,98.43
2004-10-04,97.77
2004-10-05,97.99
2004-10-06,97.83
2004-10-07,98.15
2004-10-08,96.55
2004-10-11,96.4
2004-10-12,96.38
2004-10-13,96.78
2004-10-14,96.99
2004-10-15,96.9
2004-10-18,96.7
2004-10-19,95.49
2004-10-20,96.77
2004-10-21,96.44
2004-10-22,95.81
2004-10-25,96.57
2004-10-26,95.81
2004-10-27,94.83
2004-10-28,94.23
2004-10-29,94.55
2004-11-01,95.05
2004-11-02,95.22
2004-11-03,96.4
2004-11-04,95.5
2004-11-05,96.04
2004-11-08,95.75
2004-11-09,96.28
2004-11-10,97.86
2004-11-11,96.58
2004-11-12,96.04
2004-11-15,94.39
2004-11-16,95.29
2004-11-17,93.1
2004-11-18,92.8
2004-11-19,91.34
2004-11-22,91.71
2004-11-23,93.08
2004-11-24,93.55
2004-11-25,93.65
2004-11-26,94.5
2004-11-29,94.81
2004-11-30,96.74
2004-12-01,98.47
2004-12-02,98.44
2004-12-03,98.29
2004-12-06,200.13
2004-12-07,200.2
2004-12-08,201.3
2004-12-09,201.5
2004-12-10,201.52
2004-12-13,201.69
2004-12-14,203.54
2004-12-15,202.5
2004-12-16,202.09
2004-12-17,202.47
2004-12-20,202.44
2004-12-21,201.12
2004-12-22,99.61
2004-12-23,99.28
2004-12-24,99.56
2004-12-27,99.5
2004-12-28,98.85
2004-12-29,99.01
2004-12-30,98.2
2004-12-31,96.35
2005-01-03,95.6
2005-01-04,96.48
2005-01-05,96.17
2005-01-06,96.94
2005-01-07,96.25
2005-01-10,95.36
2005-01-11,93.99
2005-01-12,93.54
2005-01-13,92.69
2005-01-14,90.64
2005-01-17,89.93
2005-01-18,90.93
2005-01-19,92.27
2005-01-20,93.71
2005-01-21,93.1
2005-01-24,93.01
2005-01-25,94.21
2005-01-26,93.81
2005-01-27,94.64
2005-01-28,95.2
2005-01-31,95.09
2005-02-01,95.16
2005-02-02,95.77
2005-02-03,96.65
2005-02-04,95.05
2005-02-07,94.74
2005-02-08,95.96
2005-02-09,96.56
2005-02-10,97.65
2005-02-11,97.57
2005-02-14,98.67
2005-02-15,97.86
2005-02-16,98.59
2005-02-17,99.93
2005-02-18,200.1
2005-02-21,200.09
2005-02-22,99
2005-02-23,200.18
2005-02-24,201.39
2005-02-25,201.85
2005-02-28,200.95
2005-03-01,200.36
2005-03-02,200.4
2005-03-03,200.75
2005-03-04,201.45
2005-03-07,201.37
2005-03-08,201.92
2005-03-09,200.1
2005-03-10,200.12
2005-03-11,200.1
2005-03-14,200.88
2005-03-15,99.86
2005-03-16,200.59
2005-03-17,201.19
2005-03-18,200.98
2005-03-21,99.5
2005-03-22,99.02
2005-03-23,98
2005-03-24,98.79
2005-03-25,98.78
2005-03-28,99.99
2005-03-29,201.66
2005-03-30,202.2
2005-03-31,202.64
2005-04-01,202.37
2005-04-04,203.03
2005-04-05,203.39
2005-04-06,204.25
2005-04-07,203.12
2005-04-08,204.12
2005-04-11,203.67
2005-04-12,203.72
2005-04-13,203.41
2005-04-14,203.46
2005-04-15,203.86
2005-04-18,204.61
2005-04-19,204.9
2005-04-20,205.04
2005-04-21,203.9
2005-04-22,203.05
2005-04-25,201.85
2005-04-26,202
2005-04-27,201.5
2005-04-28,202.3
2005-04-29,200.05
2005-05-02,98.89
2005-05-03,98.66
2005-05-04,98.64
2005-05-05,99.02
2005-05-06,98.47
2005-05-09,98.73
2005-05-10,98.74
2005-05-11,97.79
2005-05-12,99.05
2005-05-13,98.58
2005-05-16,96.55
2005-05-17,97.2
2005-05-18,96.6
2005-05-19,97.45
2005-05-20,97.46
2005-05-23,96.83
2005-05-24,96.46
2005-05-25,97.3
2005-05-26,96.58
2005-05-27,96.79
2005-05-30,96.85
2005-05-31,97.23
2005-06-01,96.69
2005-06-02,96.52
2005-06-03,95.52
2005-06-06,94.87
2005-06-07,95.6
2005-06-08,95.67
2005-06-09,95.53
2005-06-10,96.77
2005-06-13,97.84
2005-06-14,97.7
2005-06-15,99.19
2005-06-16,98.55
2005-06-17,98.74
2005-06-20,99.44
2005-06-21,97.9
2005-06-22,98.18
2005-06-23,97.6
2005-06-24,99.02
2005-06-27,99.78
2005-06-28,99.58
2005-06-29,99.38
2005-06-30,99.03
2005-07-01,97.77
2005-07-04,96.5
2005-07-05,96.13
2005-07-06,96.98
2005-07-07,95.52
2005-07-08,94.75
2005-07-11,96.55
2005-07-12,97.05
2005-07-13,96.8
2005-07-14,97.15
2005-07-15,96.6
2005-07-18,95.64
2005-07-19,96.17
2005-07-20,96.27
2005-07-21,93.44
2005-07-22,93.26
2005-07-25,94.68
2005-07-26,95.48
2005-07-27,96.08
2005-07-28,96.88
2005-07-29,97.6
2005-08-01,98.5
2005-08-02,97.4
2005-08-03,97.52
2005-08-04,98.12
2005-08-05,99.12
2005-08-08,200.2
2005-08-09,99.94
2005-08-10,98.59
2005-08-11,98.67
2005-08-12,98.55
2005-08-15,97.94
2005-08-16,98.22
2005-08-17,98.45
2005-08-18,98.34
2005-08-19,98.4
2005-08-22,97.47
2005-08-23,97.79
2005-08-24,98.35
2005-08-25,98.4
2005-08-26,98.46
2005-08-29,98.68
2005-08-30,98.7
2005-08-31,99.5
2005-09-01,201.35
2005-09-02,202.35
2005-09-05,201.3
2005-09-06,201.9
2005-09-07,202.41
2005-09-08,202.92
2005-09-09,201.9
2005-09-12,200.56
2005-09-13,201.67
2005-09-14,201.19
2005-09-15,99.87
2005-09-16,201.39
2005-09-19,201.11
2005-09-20,201.36
2005-09-21,201.34
2005-09-22,200.04
2005-09-23,99.78
2005-09-26,99.61
2005-09-27,200.08
2005-09-28,99.85
2005-09-29,99.15
2005-09-30,200.22
2005-10-03,200.4
2005-10-04,200.92
2005-10-05,200.95
2005-10-06,201.45
2005-10-07,200.5
2005-10-10,200.4
2005-10-11,99.92
2005-10-12,200.35
2005-10-13,201.2
2005-10-14,201.8
2005-10-17,201.48
2005-10-18,202.45
2005-10-19,203.4
2005-10-20,204.62
2005-10-21,204.8
2005-10-24,204.11
2005-10-25,205.07
2005-10-26,205.65
2005-10-27,205.96
2005-10-28,205.08
2005-10-31,205.99
2005-11-01,205.8
2005-11-02,207.45
2005-11-03,207.55
2005-11-04,207.05
2005-11-07,205.13
2005-11-08,204.44
2005-11-09,204.9
2005-11-10,205.78
2005-11-11,205.4
2005-11-14,206.35
2005-11-15,206.15
2005-11-16,204.55
2005-11-17,204.16
2005-11-18,204.64
2005-11-21,204.3
2005-11-22,204.61
2005-11-23,204.51
2005-11-24,204.68
2005-11-25,205.05
2005-11-28,205.52
2005-11-29,205.62
2005-11-30,207.1
2005-12-01,208.8
2005-12-02,209.05
2005-12-05,210.49
2005-12-06,210.4
2005-12-07,210.2
2005-12-08,211.03
2005-12-09,211.65
2005-12-12,212.68
2005-12-13,212.24
2005-12-14,208.1
2005-12-15,205.61
2005-12-16,205.1
2005-12-19,204.46
2005-12-20,205.46
2005-12-21,204.35
2005-12-22,202.53
2005-12-23,201.61
2005-12-26,201.92
2005-12-27,202.78
2005-12-28,202.15
2005-12-29,203.16
2005-12-30,202.75
2006-01-02,202.75
2006-01-03,202.6
2006-01-04,203.9
2006-01-05,203.51
2006-01-06,202.57
2006-01-09,201.98
2006-01-10,202.09
2006-01-11,201.31
2006-01-12,201
2006-01-13,202.9
2006-01-16,203.1
2006-01-17,204.06
2006-01-18,203.16
2006-01-19,203.07
2006-01-20,204.13
2006-01-23,203.1
2006-01-24,204.57
2006-01-25,206.6
2006-01-26,207.16
2006-01-27,207.3
2006-01-30,207.76
2006-01-31,208.86
2006-02-01,209.2
2006-02-02,210.9
2006-02-03,209.65
2006-02-06,207.99
2006-02-07,206.25
2006-02-08,206.29
2006-02-09,206.63
2006-02-10,205.68
2006-02-13,205.1
2006-02-14,203.72
2006-02-15,205.2
2006-02-16,204.87
2006-02-17,205.74
2006-02-20,206.25
2006-02-21,207.2
2006-02-22,206.62
2006-02-23,205.23
2006-02-24,204.1
2006-02-27,202.17
2006-02-28,203
2006-03-01,203.3
2006-03-02,203.25
2006-03-03,204.27
2006-03-06,205.54
2006-03-07,204.73
2006-03-08,204.68
2006-03-09,205.22
2006-03-10,205.5
2006-03-13,206.09
2006-03-14,205.01
2006-03-15,205.15
2006-03-16,205.4
2006-03-17,203.55
2006-03-20,204.03
2006-03-21,204.74
2006-03-22,204.11
2006-03-23,204.43
2006-03-24,204.67
2006-03-27,204.05
2006-03-28,205.78
2006-03-29,204.3
2006-03-30,204.89
2006-03-31,204.4
2006-04-03,204.6
2006-04-04,206.19
2006-04-05,205.76
2006-04-06,206.2
2006-04-07,206.17
2006-04-10,206.57
2006-04-11,206.75
2006-04-12,207.51
2006-04-13,207.66
2006-04-14,207.74
2006-04-17,208.46
2006-04-18,208.81
2006-04-19,210.18
2006-04-20,209.06
2006-04-21,207.93
2006-04-24,204.69
2006-04-25,205.38
2006-04-26,204.69
2006-04-27,205.7
2006-04-28,207.28
2006-05-01,206.85
2006-05-02,208.27
2006-05-03,209.26
2006-05-04,210.66
2006-05-05,208.85
2006-05-08,207.43
2006-05-09,207.36
2006-05-10,205.74
2006-05-11,208.29
2006-05-12,208.44
2006-05-15,207.11
2006-05-16,207.28
2006-05-17,207.8
2006-05-18,209.77
2006-05-19,209.79
2006-05-22,210.21
2006-05-23,209.75
2006-05-24,210.9
2006-05-25,209.3
2006-05-26,209.1
2006-05-29,209.26
2006-05-30,211.24
2006-05-31,210.55
2006-06-01,210.15
2006-06-02,210.31
2006-06-05,210.02
2006-06-06,210.67
2006-06-07,210.67
2006-06-08,210.34
2006-06-09,209.79
2006-06-12,210.81
2006-06-13,211.48
2006-06-14,212.02
2006-06-15,212.46
2006-06-16,213.12
2006-06-19,212.29
2006-06-20,211.63
2006-06-21,211.67
2006-06-22,212.3
2006-06-23,211.23
2006-06-26,212.1
2006-06-27,211.92
2006-06-28,211.65
2006-06-29,210.41
2006-06-30,211.46
2006-07-03,211.28
2006-07-04,211.54
2006-07-05,212.32
2006-07-06,211.36
2006-07-07,211.03
2006-07-10,210.06
2006-07-11,210.87
2006-07-12,211.74
2006-07-13,212.67
2006-07-14,213.4
2006-07-17,213.21
2006-07-18,214.4
2006-07-19,215.3
2006-07-20,216.08
2006-07-21,215.96
2006-07-24,216.1
2006-07-25,215.67
2006-07-26,215.51
2006-07-27,215.15
2006-07-28,213.78
2006-07-31,214.08
2006-08-01,214.88
2006-08-02,215.15
2006-08-03,217.07
2006-08-04,218.29
2006-08-07,219.37
2006-08-08,219.52
2006-08-09,219.83
2006-08-10,218.22
2006-08-11,219.87
2006-08-14,220.35
2006-08-15,219.8
2006-08-16,219.62
2006-08-17,218.46
2006-08-18,217.73
2006-08-21,219.43
2006-08-22,220.01
2006-08-23,220.32
2006-08-24,219.96
2006-08-25,221.32
2006-08-28,221.99
2006-08-29,221.42
2006-08-30,223.06
2006-08-31,223.55
2006-09-01,223.09
2006-09-04,221.06
2006-09-05,219.65
2006-09-06,219.76
2006-09-07,218.21
2006-09-08,218
2006-09-11,219.24
2006-09-12,221.2
2006-09-13,220.62
2006-09-14,221.77
2006-09-15,220.97
2006-09-18,221.97
2006-09-19,221.22
2006-09-20,221.68
2006-09-21,221.26
2006-09-22,221.31
2006-09-25,221.44
2006-09-26,222.07
2006-09-27,221.92
2006-09-28,221.92
2006-09-29,220.98
2006-10-02,222.02
2006-10-03,222.59
2006-10-04,222.27
2006-10-05,221.14
2006-10-06,222.45
2006-10-09,222.34
2006-10-10,221.99
2006-10-11,221.91
2006-10-12,221.83
2006-10-13,222.15
2006-10-16,221.62
2006-10-17,221.84
2006-10-18,222.06
2006-10-19,221.84
2006-10-20,223.53
2006-10-23,223.51
2006-10-24,223.5
2006-10-25,223.53
2006-10-26,223.81
2006-10-27,222.98
2006-10-30,223.31
2006-10-31,223.02
2006-11-01,223.4
2006-11-02,223.59
2006-11-03,224.33
2006-11-06,224.33
2006-11-07,224.27
2006-11-08,224.35
2006-11-09,224.8
2006-11-10,224.82
2006-11-13,224.54
2006-11-14,222.97
2006-11-15,223.01
2006-11-16,223.14
2006-11-17,223.11
2006-11-20,223.96
2006-11-21,223.89
2006-11-22,223.41
2006-11-23,222.57
2006-11-24,223.75
2006-11-27,224.86
2006-11-28,224.84
2006-11-29,226.38
2006-11-30,227.54
2006-12-01,228.4
2006-12-04,228.38
2006-12-05,226.7
2006-12-06,226.5
2006-12-07,226.19
2006-12-08,227.29
2006-12-11,228.89
2006-12-12,230.31
2006-12-13,231.04
2006-12-14,231.07
2006-12-15,230.42
2006-12-18,230.18
2006-12-19,232.34
2006-12-20,232.49
2006-12-21,232.08
2006-12-22,232.66
2006-12-25,232.96
2006-12-26,232.74
2006-12-27,232.28
2006-12-28,233.42
2006-12-29,233.04
2007-01-01,233.42
2007-01-02,234.53
2007-01-03,232.8
2007-01-04,231.5
2007-01-05,228.93
2007-01-08,230.09
2007-01-09,231.53
2007-01-10,231.2
2007-01-11,234.19
2007-01-12,235.6
2007-01-15,236.66
2007-01-16,236.67
2007-01-17,237.58
2007-01-18,239.23
2007-01-19,239.32
2007-01-22,240.34
2007-01-23,241.18
2007-01-24,237.89
2007-01-25,237.9
2007-01-26,238.15
2007-01-29,238.9
2007-01-30,238.53
2007-01-31,237.05
2007-02-01,237.42
2007-02-02,238.17
2007-02-05,235.8
2007-02-06,236.61
2007-02-07,237.58
2007-02-08,237
2007-02-09,237.28
2007-02-12,237.33
2007-02-13,235.78
2007-02-14,236.94
2007-02-15,236.91
2007-02-16,232.59
2007-02-19,233.19
2007-02-20,234.53
2007-02-21,236.24
2007-02-22,237.78
2007-02-23,237.65
2007-02-26,236.79
2007-02-27,231.42
2007-02-28,232.59
2007-03-01,230.47
2007-03-02,226.93
2007-03-05,222.6
2007-03-06,225.2
2007-03-07,225
2007-03-08,225.91
2007-03-09,228.22
2007-03-12,227.19
2007-03-13,224.15
2007-03-14,226.46
2007-03-15,227.74
2007-03-16,226.65
2007-03-19,228.61
2007-03-20,229.84
2007-03-21,231.37
2007-03-22,232.16
2007-03-23,231.54
2007-03-26,232.54
2007-03-27,231.82
2007-03-28,229.24
2007-03-29,231.49
2007-03-30,231.7
2007-04-02,233.02
2007-04-03,234.75
2007-04-04,234.39
2007-04-05,233.99
2007-04-06,234.44
2007-04-09,234.02
2007-04-10,234.85
2007-04-11,235.65
2007-04-12,235.51
2007-04-13,236.72
2007-04-16,238.36
2007-04-17,238.57
2007-04-18,237.88
2007-04-19,236.94
2007-04-20,237.94
2007-04-23,237.29
2007-04-24,237.31
2007-04-25,237.63
2007-04-26,238.1
2007-04-27,238.89
2007-04-30,238.99
2007-05-01,239.39
2007-05-02,238.98
2007-05-03,239.39
2007-05-04,239.43
2007-05-07,239.43
2007-05-08,238.54
2007-05-09,239.41
2007-05-10,237.24
2007-05-11,238.15
2007-05-14,237.97
2007-05-15,238.75
2007-05-16,238.67
2007-05-17,239.4
2007-05-18,239.19
2007-05-21,239.3
2007-05-22,239.3
2007-05-23,241.58
2007-05-24,241.08
2007-05-25,241.57
2007-05-28,241.31
2007-05-29,240.67
2007-05-30,240.24
2007-05-31,240.87
2007-06-01,241.92
2007-06-04,242.44
2007-06-05,241.68
2007-06-06,241.14
2007-06-07,239.43
2007-06-08,239.3
2007-06-11,239.85
2007-06-12,240.63
2007-06-13,241.94
2007-06-14,242.13
2007-06-15,243.81
2007-06-18,245.18
2007-06-19,245.35
2007-06-20,246.48
2007-06-21,246.36
2007-06-22,247.64
2007-06-25,246.97
2007-06-26,246.4
2007-06-27,244.72
2007-06-28,246.6
2007-06-29,247.05
2007-07-02,246.84
2007-07-03,248.89
2007-07-04,247.13
2007-07-05,247.23
2007-07-06,248.03
2007-07-09,248.53
2007-07-10,246.97
2007-07-11,248.39
2007-07-12,248.49
2007-07-13,248.1
2007-07-16,248.1
2007-07-17,250.26
2007-07-18,250.28
2007-07-19,250.05
2007-07-20,249.1
2007-07-23,249.62
2007-07-24,247.89
2007-07-25,247.46
2007-07-26,243.46
2007-07-27,240.68
2007-07-30,241.08
2007-07-31,241.86
2007-08-01,240.37
2007-08-02,242.78
2007-08-03,241.84
2007-08-06,241.42
2007-08-07,240.58
2007-08-08,243.71
2007-08-09,239.21
2007-08-10,239.22
2007-08-13,238.36
2007-08-14,235.29
2007-08-15,232.87
2007-08-16,223.82
2007-08-17,225.72
2007-08-20,228.45
2007-08-21,226.38
2007-08-22,229.09
2007-08-23,232.17
2007-08-24,234.32
2007-08-27,233.78
2007-08-28,230.04
2007-08-29,234.39
2007-08-30,233.36
2007-08-31,233.81
2007-09-03,233.64
2007-09-04,234.1
2007-09-05,232.6
2007-09-06,232.6
2007-09-07,229.78
2007-09-10,230.28
2007-09-11,232.16
2007-09-12,231.92
2007-09-13,233.48
2007-09-14,231.43
2007-09-17,229.54
2007-09-18,233.83
2007-09-19,232.29
2007-09-20,229.73
2007-09-21,233.1
2007-09-24,231.16
2007-09-25,231.13
2007-09-26,232.64
2007-09-27,234.34
2007-09-28,234.67
2007-10-01,236.63
2007-10-02,236.52
2007-10-03,237.11
2007-10-04,237.11
2007-10-05,238.68
2007-10-08,238.86
2007-10-09,238.52
2007-10-10,239.34
2007-10-11,237.83
2007-10-12,239.23
2007-10-15,239.41
2007-10-16,237.17
2007-10-17,237.3
2007-10-18,236.48
2007-10-19,235.32
2007-10-22,231.46
2007-10-23,235.19
2007-10-24,233.88
2007-10-25,233.95
2007-10-26,234.39
2007-10-29,236.25
2007-10-30,237.21
2007-10-31,239.86
2007-11-01,239.43
2007-11-02,239.58
2007-11-05,237.93
2007-11-06,239.12
2007-11-07,237.03
2007-11-08,237.55
2007-11-09,236.89
2007-11-12,226.77
2007-11-13,229.55
2007-11-14,229.4
2007-11-15,225.34
2007-11-16,227.33
2007-11-19,225.09
2007-11-20,226.59
2007-11-21,224.38
2007-11-22,223.82
2007-11-23,222.83
2007-11-26,222.09
2007-11-27,222.83
2007-11-28,228.88
2007-11-29,226.52
2007-11-30,228.66
2007-12-03,228.3
2007-12-04,226.06
2007-12-05,224.61
2007-12-06,224.61
2007-12-07,226.92
2007-12-10,228.48
2007-12-11,224.98
2007-12-12,229.36
2007-12-13,228.73
2007-12-14,228.51
2007-12-17,228.46
2007-12-18,228.11
2007-12-19,226.29
2007-12-20,223.98
2007-12-21,226.2
2007-12-24,226.34
2007-12-25,225.76
2007-12-26,226.82
2007-12-27,226.93
2007-12-28,224.78
2007-12-31,222.72
2008-01-01,222.72
2008-01-02,216.67
2008-01-03,215.91
2008-01-04,213.89
2008-01-07,214.89
2008-01-08,216.4
2008-01-09,215.19
2008-01-10,214.89
2008-01-11,213.2
2008-01-14,211.89
2008-01-15,209.84
2008-01-16,209.84
2008-01-17,210.92
2008-01-18,208.58
2008-01-21,206.13
2008-01-22,208.84
2008-01-23,207.01
2008-01-24,210.95
2008-01-25,211.91
2008-01-28,211.92
2008-01-29,212.84
2008-01-30,211.87
2008-01-31,211.88
2008-02-01,209.5
2008-02-04,210.7
2008-02-05,209.8
2008-02-06,208.81
2008-02-07,208.56
2008-02-08,208.81
2008-02-11,208.56
2008-02-12,210.62
2008-02-13,212.65
2008-02-14,212.53
2008-02-15,211.03
2008-02-18,211.01
2008-02-19,209.7
2008-02-20,209.89
2008-02-21,210.6
2008-02-22,210.48
2008-02-25,212.6
2008-02-26,212.94
2008-02-27,211.09
2008-02-28,209.64
2008-02-29,206.46
2008-03-03,204.84
2008-03-04,205.23
2008-03-05,206.77
2008-03-06,206.24
2008-03-07,207.01
2008-03-10,204.6
2008-03-11,207.09
2008-03-12,206.17
2008-03-13,204.98
2008-03-14,200.61
2008-03-17,95.08
2008-03-18,99.9
2008-03-19,96.19
2008-03-20,95.8
2008-03-21,97
2008-03-24,200.01
2008-03-25,200.57
2008-03-26,99.37
2008-03-27,200.02
2008-03-28,97.71
2008-03-31,97.78
2008-04-01,201.62
2008-04-02,203.44
2008-04-03,204.19
2008-04-04,202.62
2008-04-07,203.42
2008-04-08,201.9
2008-04-09,200.82
2008-04-10,200.93
2008-04-11,98.79
2008-04-14,99.58
2008-04-15,99.16
2008-04-16,200.47
2008-04-17,204.01
2008-04-18,207.11
2008-04-21,204.37
2008-04-22,205.34
2008-04-23,204.78
2008-04-24,206.07
2008-04-25,207.05
2008-04-28,207.42
2008-04-29,204.65
2008-04-30,206.62
2008-05-01,206.04
2008-05-02,207.75
2008-05-05,206.61
2008-05-06,206.62
2008-05-07,204.79
2008-05-08,203.14
2008-05-09,200.91
2008-05-12,203.2
2008-05-13,203.9
2008-05-14,204.01
2008-05-15,203.73
2008-05-16,203.67
2008-05-19,203.22
2008-05-20,203.93
2008-05-21,202.9
2008-05-22,206.45
2008-05-23,204.21
2008-05-26,204.96
2008-05-27,206.01
2008-05-28,207.26
2008-05-29,208.45
2008-05-30,208.9
2008-06-02,205.18
2008-06-03,206.07
2008-06-04,205.69
2008-06-05,206.99
2008-06-06,207.13
2008-06-09,209.51
2008-06-10,209.67
2008-06-11,209.9
2008-06-12,210.12
2008-06-13,210.68
2008-06-16,212.25
2008-06-17,211.29
2008-06-18,211.37
2008-06-19,213.09
2008-06-20,212.07
2008-06-23,211.8
2008-06-24,212.39
2008-06-25,212.83
2008-06-26,212.12
2008-06-27,211.68
2008-06-30,211.33
2008-07-01,211.47
2008-07-02,211.25
2008-07-03,211.5
2008-07-04,211.53
2008-07-07,211.89
2008-07-08,211.56
2008-07-09,211.64
2008-07-10,211.69
2008-07-11,211.54
2008-07-14,211.69
2008-07-15,210.31
2008-07-16,209.9
2008-07-17,213.23
2008-07-18,213.42
2008-07-21,213.15
2008-07-22,213.43
2008-07-23,215.6
2008-07-24,212.94
2008-07-25,214.73
2008-07-28,214.46
2008-07-29,213.87
2008-07-30,214.14
2008-07-31,213.89
2008-08-01,212.53
2008-08-04,212.58
2008-08-05,211.51
2008-08-06,213.78
2008-08-07,212.66
2008-08-08,211.67
2008-08-11,210.38
2008-08-12,207.41
2008-08-13,205.12
2008-08-14,204.68
2008-08-15,205.94
2008-08-18,205.4
2008-08-19,204.87
2008-08-20,204.43
2008-08-21,203.74
2008-08-22,203.55
2008-08-25,202.51
2008-08-26,201.62
2008-08-27,200.98
2008-08-28,200.24
2008-08-29,97.77
2008-09-01,94.99
2008-09-02,93.66
2008-09-03,92.18
2008-09-04,89.44
2008-09-05,88.9
2008-09-08,89.49
2008-09-09,88.35
2008-09-10,89.05
2008-09-11,87.21
2008-09-12,93.28
2008-09-15,89.36
2008-09-16,89.04
2008-09-17,91.44
2008-09-18,91.48
2008-09-19,96.44
2008-09-22,95.65
2008-09-23,96
2008-09-24,96.08
2008-09-25,95.4
2008-09-26,95.23
2008-09-29,88.83
2008-09-30,89.13
2008-10-01,87.79
2008-10-02,85.75
2008-10-03,87.32
2008-10-06,74.94
2008-10-07,78.05
2008-10-08,73.46
2008-10-09,71.71
2008-10-10,71.01
2008-10-13,74.75
2008-10-14,78
2008-10-15,72.87
2008-10-16,75.41
2008-10-17,76.16
2008-10-20,74.43
2008-10-21,68
2008-10-22,58.7
2008-10-23,56.69
2008-10-24,49.94
2008-10-27,46.92
2008-10-28,55.24
2008-10-29,59.59
2008-10-30,61.95
2008-10-31,59.37
2008-11-03,56.6
2008-11-04,58.81
2008-11-05,57.83
2008-11-06,54.11
2008-11-07,53.67
2008-11-10,52.82
2008-11-11,50.77
2008-11-12,42.78
2008-11-13,44.73
2008-11-14,45.97
2008-11-17,45.67
2008-11-18,44.21
2008-11-19,43.45
2008-11-20,38.7
2008-11-21,42.64
2008-11-24,46.61
2008-11-25,47.91
2008-11-26,45.95
2008-11-27,47.03
2008-11-28,47.49
2008-12-01,39.18
2008-12-02,38.5
2008-12-03,37.04
2008-12-04,35.94
2008-12-05,36.53
2008-12-08,38.97
2008-12-09,35.93
2008-12-10,36.9
2008-12-11,37.42
2008-12-12,36.21
2008-12-15,38.11
2008-12-16,38.66
2008-12-17,35.5
2008-12-18,34.09
2008-12-19,32.89
2008-12-22,34.46
2008-12-23,34.16
2008-12-24,32.98
2008-12-25,32.55
2008-12-26,32.82
2008-12-29,31.62
2008-12-30,30.15
2008-12-31,32.43
2009-01-01,32.43
2009-01-02,33.44
2009-01-05,37.21
2009-01-06,40.85
2009-01-07,40.04
2009-01-08,39.26
2009-01-09,36.96
2009-01-12,31.97
2009-01-13,29.1
2009-01-14,29.95
2009-01-15,31.42
2009-01-16,33.17
2009-01-19,31.12
2009-01-20,24.78
2009-01-21,25.03
2009-01-22,23.4
2009-01-23,22.4
2009-01-26,24.34
2009-01-27,25.8
2009-01-28,28.32
2009-01-29,28.79
2009-01-30,29.88
2009-02-02,27.77
2009-02-03,29.08
2009-02-04,29.5
2009-02-05,33.87
2009-02-06,36.29
2009-02-09,36.39
2009-02-10,30.84
2009-02-11,30.17
2009-02-12,29.31
2009-02-13,32.16
2009-02-16,30.98
2009-02-17,31.85
2009-02-18,33.46
2009-02-19,35.06
2009-02-20,34.49
2009-02-23,38.83
2009-02-24,40.36
2009-02-25,38.72
2009-02-26,40.84
2009-02-27,40.03
2009-03-02,37.2
2009-03-03,38.41
2009-03-04,40.37
2009-03-05,40.37
2009-03-06,38.31
2009-03-09,36.4
2009-03-10,35.61
2009-03-11,34.92
2009-03-12,36.14
2009-03-13,36.95
2009-03-16,38.48
2009-03-17,38.14
2009-03-18,37.24
2009-03-19,37.11
2009-03-20,38.67
2009-03-23,41.51
2009-03-24,43.36
2009-03-25,41.29
2009-03-26,42.23
2009-03-27,40.24
2009-03-30,37.8
2009-03-31,42.15
2009-04-01,42.15
2009-04-02,46.61
2009-04-03,48.65
2009-04-06,48.53
2009-04-07,48.06
2009-04-08,48.06
2009-04-09,47.44
2009-04-10,46.96
2009-04-13,48.56
2009-04-14,47.66
2009-04-15,48.42
2009-04-16,48.17
2009-04-17,46.78
2009-04-20,42.26
2009-04-21,44.75
2009-04-22,42.39
2009-04-23,43.88
2009-04-24,42.41
2009-04-27,41.54
2009-04-28,41.05
2009-04-29,43.98
2009-04-30,45.82
2009-05-01,48.21
2009-05-04,48.02
2009-05-05,49.13
2009-05-06,48.83
2009-05-07,48.83
2009-05-08,49.71
2009-05-11,47.42
2009-05-12,47.22
2009-05-13,44.24
2009-05-14,45.83
2009-05-15,44.14
2009-05-18,47.89
2009-05-19,48.76
2009-05-20,49.27
2009-05-21,49.22
2009-05-22,51.03
2009-05-25,50.79
2009-05-26,51.28
2009-05-27,52.34
2009-05-28,54.52
2009-05-29,53.54
2009-06-01,58.99
2009-06-02,58.56
2009-06-03,56.01
2009-06-04,56.85
2009-06-05,57.93
2009-06-08,57.88
2009-06-09,59.12
2009-06-10,60.3
2009-06-11,61.8
2009-06-12,61.59
2009-06-15,59.07
2009-06-16,58.58
2009-06-17,56.68
2009-06-18,57.92
2009-06-19,58.93
2009-06-22,56.9
2009-06-23,56.65
2009-06-24,57.01
2009-06-25,56.82
2009-06-26,57.32
2009-06-29,59.14
2009-06-30,58.66
2009-07-01,59.02
2009-07-02,57.15
2009-07-03,56.86
2009-07-06,54.88
2009-07-07,52.86
2009-07-08,48.14
2009-07-09,51.75
2009-07-10,49.46
2009-07-13,50.84
2009-07-14,51.87
2009-07-15,55.02
2009-07-16,54.1
2009-07-17,54.37
2009-07-20,55.77
2009-07-21,53.75
2009-07-22,53.91
2009-07-23,57.24
2009-07-24,55.74
2009-07-27,57.08
2009-07-28,55.23
2009-07-29,55.65
2009-07-30,57.66
2009-07-31,58.26
2009-08-03,61.28
2009-08-04,61.19
2009-08-05,61.57
2009-08-06,60.1
2009-08-07,62.66
2009-08-10,59.74
2009-08-11,58.28
2009-08-12,58.74
2009-08-13,57.8
2009-08-14,56.61
2009-08-17,54.38
2009-08-18,56.88
2009-08-19,55.33
2009-08-20,55.49
2009-08-21,55.56
2009-08-24,54.99
2009-08-25,54.02
2009-08-26,52.93
2009-08-27,52.2
2009-08-28,52.38
2009-08-31,51.26
2009-09-01,50.21
2009-09-02,49.93
2009-09-03,51.08
2009-09-04,52.5
2009-09-07,51.66
2009-09-08,52.16
2009-09-09,52.27
2009-09-10,52.85
2009-09-11,51.08
2009-09-14,50.7
2009-09-15,50.22
2009-09-16,49.93
2009-09-17,49.89
2009-09-18,48.66
2009-09-21,49.21
2009-09-22,49.22
2009-09-23,49.4
2009-09-24,46.59
2009-09-25,43.14
2009-09-28,42.32
2009-09-29,43.88
2009-09-30,43.48
2009-10-01,43.05
2009-10-02,42.79
2009-10-05,42.75
2009-10-06,41.23
2009-10-07,41.35
2009-10-08,42.21
2009-10-09,42.3
2009-10-12,41.88
2009-10-13,42.63
2009-10-14,42.78
2009-10-15,46.65
2009-10-16,48.67
2009-10-19,48.37
2009-10-20,48.49
2009-10-21,50.7
2009-10-22,51.71
2009-10-23,50.15
2009-10-26,50.29
2009-10-27,50.43
2009-10-28,48.68
2009-10-29,51.21
2009-10-30,47.72
2009-11-02,48.31
2009-11-03,46.28
2009-11-04,50.04
2009-11-05,50.49
2009-11-06,49.39
2009-11-09,50.69
2009-11-10,50.28
2009-11-11,48.66
2009-11-12,49.93
2009-11-13,49.65
2009-11-16,49.99
2009-11-17,50.14
2009-11-18,49.64
2009-11-19,48.32
2009-11-20,46.77
2009-11-23,47.76
2009-11-24,46.71
2009-11-25,45.93
2009-11-26,42.67
2009-11-27,43.02
2009-11-30,42.14
2009-12-01,44.05
2009-12-02,45.46
2009-12-03,46.1
2009-12-04,48.79
2009-12-07,47.2
2009-12-08,43.87
2009-12-09,42.87
2009-12-10,43.55
2009-12-11,44.69
2009-12-14,44.47
2009-12-15,45.74
2009-12-16,46.65
2009-12-17,45.37
2009-12-18,45.74
2009-12-21,46.31
2009-12-22,46.57
2009-12-23,46.21
2009-12-24,46.04
2009-12-25,45.9
2009-12-28,46.58
2009-12-29,46.36
2009-12-30,48.55
2009-12-31,50.51
2010-01-01,50.51
2010-01-04,49.01
2010-01-05,46.61
2010-01-06,47.94
2010-01-07,48.63
2010-01-08,48.39
2010-01-11,48.27
2010-01-12,47
2010-01-13,48.93
2010-01-14,48.7
2010-01-15,47.63
2010-01-18,48.16
2010-01-19,49.17
2010-01-20,48.6
2010-01-21,46.43
2010-01-22,44.8
2010-01-25,46.46
2010-01-26,44.75
2010-01-27,45.34
2010-01-28,44.93
2010-01-29,44.46
2010-02-01,44.68
2010-02-02,44.35
2010-02-03,44.61
2010-02-04,40.03
2010-02-05,39.58
2010-02-08,39.3
2010-02-09,40.68
2010-02-10,40.16
2010-02-11,40.78
2010-02-12,41.02
2010-02-15,40.86
2010-02-16,42.32
2010-02-17,42.96
2010-02-18,42.51
2010-02-19,41.6
2010-02-22,41.03
2010-02-23,38.94
2010-02-24,38.84
2010-02-25,36
2010-02-26,35.59
2010-03-01,33.5
2010-03-02,32.71
2010-03-03,33.55
2010-03-04,33.94
2010-03-05,36.82
2010-03-08,35.98
2010-03-09,34.91
2010-03-10,35.38
2010-03-11,36.35
2010-03-12,37.32
2010-03-15,36.23
2010-03-16,37.65
2010-03-17,38.28
2010-03-18,37.6
2010-03-19,35.9
2010-03-22,36.03
2010-03-23,36.01
2010-03-24,37.15
2010-03-25,37.34
2010-03-26,37.8
2010-03-29,38.5
2010-03-30,39.82
2010-03-31,41.88
2010-04-01,43.48
2010-04-02,43.77
2010-04-05,44.13
2010-04-06,43.14
2010-04-07,42.12
2010-04-08,42.52
2010-04-09,43.19
2010-04-12,43.23
2010-04-13,43.16
2010-04-14,44.1
2010-04-15,44.15
2010-04-16,41.78
2010-04-19,41.65
2010-04-20,43.15
2010-04-21,43.54
2010-04-22,43.84
2010-04-23,44.57
2010-04-26,45.22
2010-04-27,41.81
2010-04-28,42.9
2010-04-29,44.25
2010-04-30,43.66
2010-05-03,44.19
2010-05-04,43.08
2010-05-05,41.33
2010-05-06,33.31
2010-05-07,35.38
2010-05-10,38.47
2010-05-11,38.64
2010-05-12,38.13
2010-05-13,35.64
2010-05-14,34.13
2010-05-17,33.86
2010-05-18,32.36
2010-05-19,32.07
2010-05-20,29.3
2010-05-21,30.42
2010-05-24,30.47
2010-05-25,29.66
2010-05-26,29.56
2010-05-27,32.41
2010-05-28,31.39
2010-05-31,32.38
2010-06-01,33.33
2010-06-02,34.96
2010-06-03,35.31
2010-06-04,32.47
2010-06-07,32.56
2010-06-08,31.83
2010-06-09,32.3
2010-06-10,34.2
2010-06-11,33.26
2010-06-14,34.81
2010-06-15,35.35
2010-06-16,35.12
2010-06-17,34.82
2010-06-18,34.37
2010-06-21,34.07
2010-06-22,33.81
2010-06-23,34.46
2010-06-24,33.52
2010-06-25,34.27
2010-06-28,35.05
2010-06-29,33.25
2010-06-30,31.99
2010-07-01,32.87
2010-07-02,33.28
2010-07-05,32.74
2010-07-06,32.38
2010-07-07,33.29
2010-07-08,33.96
2010-07-09,33.51
2010-07-12,33.16
2010-07-13,34.1
2010-07-14,34.64
2010-07-15,35.21
2010-07-16,32.46
2010-07-19,32.24
2010-07-20,33.5
2010-07-21,32.02
2010-07-22,32.66
2010-07-23,34.62
2010-07-26,34.51
2010-07-27,37.01
2010-07-28,36.18
2010-07-29,35.62
2010-07-30,35.7
2010-08-02,37.4
2010-08-03,36.82
2010-08-04,37.05
2010-08-05,36.18
2010-08-06,36.27
2010-08-09,36.53
2010-08-10,35.31
2010-08-11,33.8
2010-08-12,33.75
2010-08-13,34.53
2010-08-16,33.46
2010-08-17,33.15
2010-08-18,33.3
2010-08-19,33.09
2010-08-20,33.06
2010-08-23,32.24
2010-08-24,29.88
2010-08-25,30.93
2010-08-26,31.19
2010-08-27,32.41
2010-08-30,30.82
2010-08-31,28.87
2010-09-01,30.54
2010-09-02,29.69
2010-09-03,30.4
2010-09-06,29.66
2010-09-07,28.79
2010-09-08,29.77
2010-09-09,29.57
2010-09-10,29.22
2010-09-13,28.92
2010-09-14,29.32
2010-09-15,33.66
2010-09-16,34.1
2010-09-17,34.05
2010-09-20,33.3
2010-09-21,32.9
2010-09-22,32.4
2010-09-23,32.2
2010-09-24,33.38
2010-09-27,33.45
2010-09-28,32.59
2010-09-29,32.01
2010-09-30,31.13
2010-10-01,31.86
2010-10-04,32.02
2010-10-05,32.17
2010-10-06,31.68
2010-10-07,30.67
2010-10-08,30.91
2010-10-11,30.28
2010-10-12,29.24
2010-10-13,29.92
2010-10-14,30.47
2010-10-15,30.18
2010-10-18,29.33
2010-10-19,28.01
2010-10-20,28.46
2010-10-21,27.7
2010-10-22,27.53
2010-10-25,27.16
2010-10-26,29.06
2010-10-27,28.74
2010-10-28,29.1
2010-10-29,28.97
2010-11-01,29.2
2010-11-02,29.27
2010-11-03,30.54
2010-11-04,31.39
2010-11-05,31.63
2010-11-08,30.92
2010-11-09,30.87
2010-11-10,32.61
2010-11-11,32.79
2010-11-12,32.98
2010-11-15,33.55
2010-11-16,32.3
2010-11-17,32.39
2010-11-18,33.9
2010-11-19,33.43
2010-11-22,32.92
2010-11-23,31.15
2010-11-24,31.79
2010-11-25,31.78
2010-11-26,31.31
2010-11-29,31.16
2010-11-30,30.25
2010-12-01,31.53
2010-12-02,30.82
2010-12-03,30.48
2010-12-06,29.9
2010-12-07,31.61
2010-12-08,32.79
2010-12-09,31.91
2010-12-10,32.64
2010-12-13,32.24
2010-12-14,32.01
2010-12-15,31.03
2010-12-16,31.28
2010-12-17,30.19
2010-12-20,29.88
2010-12-21,29.4
2010-12-22,28.49
2010-12-23,27.9
2010-12-24,27.98
2010-12-27,27.67
2010-12-28,26.76
2010-12-29,26.54
2010-12-30,25.66
2010-12-31,26.66
2011-01-03,26.46
2011-01-04,27.82
2011-01-05,29.12
2011-01-06,28.88
2011-01-07,29.12
2011-01-10,28.84
2011-01-11,29.97
2011-01-12,30.76
2011-01-13,31.03
2011-01-14,31.6
2011-01-17,31.41
2011-01-18,31.84
2011-01-19,31.18
2011-01-20,31.96
2011-01-21,32.17
2011-01-24,31.95
2011-01-25,30.1
2011-01-26,30.78
2011-01-27,31.98
2011-01-28,30.26
2011-01-31,31.4
2011-02-01,31.44
2011-02-02,31.97
2011-02-03,31.76
2011-02-04,32.3
2011-02-07,32.62
2011-02-08,32.35
2011-02-09,32.59
2011-02-10,34.02
2011-02-11,33.6
2011-02-14,33.54
2011-02-15,35.2
2011-02-16,34.54
2011-02-17,34.7
2011-02-18,34.93
2011-02-21,34.73
2011-02-22,33.5
2011-02-23,33.73
2011-02-24,32.15
2011-02-25,31.47
2011-02-28,32.94
2011-03-01,33.17
2011-03-02,33.65
2011-03-03,34.01
2011-03-04,33.94
2011-03-07,33.3
2011-03-08,33.48
2011-03-09,34.05
2011-03-10,33.09
2011-03-11,31.59
2011-03-14,32.15
2011-03-15,29.95
2011-03-16,27.86
2011-03-17,27.39
2011-03-18,31.2
2011-03-21,32.17
2011-03-22,32.56
2011-03-23,31.45
2011-03-24,30.37
2011-03-25,30.41
2011-03-28,30.71
2011-03-29,31.87
2011-03-30,33.29
2011-03-31,33.35
2011-04-01,35.49
2011-04-04,35.44
2011-04-05,38.1
2011-04-06,39.51
2011-04-07,38.5
2011-04-08,38.82
2011-04-11,38.33
2011-04-12,35.99
2011-04-13,36.31
2011-04-14,36.28
2011-04-15,35.37
2011-04-18,34.37
2011-04-19,34.54
2011-04-20,35.07
2011-04-21,35.2
2011-04-22,35.26
2011-04-25,34.78
2011-04-26,34.37
2011-04-27,36.38
2011-04-28,35.7
2011-04-29,35.43
2011-05-02,35.24
2011-05-03,33.4
2011-05-04,32.88
2011-05-05,31.29
2011-05-06,32.11
2011-05-09,31.51
2011-05-10,32.12
2011-05-11,32.3
2011-05-12,31.64
2011-05-13,30.74
2011-05-16,30.85
2011-05-17,32.17
2011-05-18,31.93
2011-05-19,32.2
2011-05-20,32.71
2011-05-23,31.95
2011-05-24,32.65
2011-05-25,33.47
2011-05-26,33.33
2011-05-27,33.25
2011-05-30,33.26
2011-05-31,34
2011-06-01,32.29
2011-06-02,32.3
2011-06-03,31.9
2011-06-06,30.93
2011-06-07,31.57
2011-06-08,30.98
2011-06-09,31.4
2011-06-10,30.31
2011-06-13,31.32
2011-06-14,31.68
2011-06-15,30.9
2011-06-16,30.16
2011-06-17,29.35
2011-06-20,29.98
2011-06-21,30.16
2011-06-22,29.06
2011-06-23,28.81
2011-06-24,28.5
2011-06-27,29.24
2011-06-28,29.68
2011-06-29,29.84
2011-06-30,29.31
2011-07-01,29.93
2011-07-04,29.93
2011-07-05,30.15
2011-07-06,29.42
2011-07-07,29.64
2011-07-08,29.34
2011-07-11,27.67
2011-07-12,26.35
2011-07-13,27.13
2011-07-14,27.74
2011-07-15,27.52
2011-07-18,26.76
2011-07-19,27.65
2011-07-20,27.29
2011-07-21,27.89
2011-07-22,27.82
2011-07-25,27.57
2011-07-26,27.9
2011-07-27,27.36
2011-07-28,27.06
2011-07-29,26.44
2011-08-01,25.77
2011-08-02,25.71
2011-08-03,26.38
2011-08-04,28.44
2011-08-05,28.28
2011-08-08,27.02
2011-08-09,25.09
2011-08-10,23.95
2011-08-11,24.77
2011-08-12,25
2011-08-15,25.84
2011-08-16,26.41
2011-08-17,26.57
2011-08-18,26.3
2011-08-19,26.06
2011-08-22,26.41
2011-08-23,26.55
2011-08-24,26.11
2011-08-25,26.28
2011-08-26,25.36
2011-08-29,26
2011-08-30,25.11
2011-08-31,24.38
2011-09-01,24.22
2011-09-02,24.58
2011-09-05,23.75
2011-09-06,23.75
2011-09-07,23.47
2011-09-08,23.68
2011-09-09,22.92
2011-09-12,22.37
2011-09-13,21.41
2011-09-14,20.96
2011-09-15,21.05
2011-09-16,21.29
2011-09-19,20.22
2011-09-20,20.09
2011-09-21,18.95
2011-09-22,17.04
2011-09-23,18.64
2011-09-26,18.87
2011-09-27,19.9
2011-09-28,19.17
2011-09-29,19.82
2011-09-30,20.16
2011-10-03,18.43
2011-10-04,18.91
2011-10-05,18.61
2011-10-06,18.37
2011-10-07,19.54
2011-10-10,20.07
2011-10-11,19.59
2011-10-12,21.87
2011-10-13,21.18
2011-10-14,22.06
2011-10-17,21.02
2011-10-18,20.8
2011-10-19,21.1
2011-10-20,21.38
2011-10-21,21.34
2011-10-24,21.54
2011-10-25,21.45
2011-10-26,21.83
2011-10-27,22.13
2011-10-28,22.12
2011-10-31,25.63
2011-11-01,24.87
2011-11-02,24.5
2011-11-03,25.19
2011-11-04,25.26
2011-11-07,25.24
2011-11-08,25.05
2011-11-09,23.85
2011-11-10,23.64
2011-11-11,23.89
2011-11-14,22.68
2011-11-15,21.94
2011-11-16,21.25
2011-11-17,21.19
2011-11-18,21.4
2011-11-21,20.44
2011-11-22,20.33
2011-11-23,20.14
2011-11-24,19.39
2011-11-25,20.11
2011-11-28,20.76
2011-11-29,21.6
2011-11-30,21.77
2011-12-01,21.83
2011-12-02,21.63
2011-12-05,21.49
2011-12-06,21.19
2011-12-07,21.97
2011-12-08,21.4
2011-12-09,21.38
2011-12-12,21.37
2011-12-13,20.64
2011-12-14,20.65
2011-12-15,20.83
2011-12-16,20.71
2011-12-19,20.88
2011-12-20,21.91
2011-12-21,22.36
2011-12-22,22.49
2011-12-23,21.68
2011-12-26,21.7
2011-12-27,22
2011-12-28,20.36
2011-12-29,19.66
2011-12-30,19.48
2012-01-02,19.14
2012-01-03,19.85
2012-01-04,19.85
2012-01-05,19.53
2012-01-06,18.79
2012-01-09,18.79
2012-01-10,18.86
2012-01-11,17.8
2012-01-12,17.68
2012-01-13,17.87
2012-01-16,17.68
2012-01-17,17.68
2012-01-18,18.43
2012-01-19,19.49
2012-01-20,19.61
2012-01-23,19.87
2012-01-24,21.34
2012-01-25,21.76
2012-01-26,21.54
2012-01-27,20.59
2012-01-30,19.65
2012-01-31,20.1
2012-02-01,20.63
2012-02-02,20.32
2012-02-03,21.01
2012-02-06,21.18
2012-02-07,22.07
2012-02-08,21.76
2012-02-09,22.83
2012-02-10,22.11
2012-02-13,22.37
2012-02-14,23.02
2012-02-15,23.01
2012-02-16,24.77
2012-02-17,25.86
2012-02-20,26.06
2012-02-21,25.71
2012-02-22,25.8
2012-02-23,25.62
2012-02-24,28.57
2012-02-27,27.37
2012-02-28,27.98
2012-02-29,29.34
2012-03-01,29.32
2012-03-02,29.58
2012-03-05,29.2
2012-03-06,27.02
2012-03-07,27.73
2012-03-08,29.01
2012-03-09,29.17
2012-03-12,28.56
2012-03-13,30.246
2012-03-14,31.247
2012-03-15,31.079
2012-03-16,31.93
2012-03-19,32.43
2012-03-20,32.817
2012-03-21,32.408
2012-03-22,30.525
2012-03-23,30.89
2012-03-26,32.128
2012-03-27,32.633
2012-03-28,31.593
2012-03-29,31.443
2012-03-30,32.33
2012-04-02,31.58
2012-04-03,31.827
2012-04-04,31.062
2012-04-05,30.433
2012-04-06,29.47
2012-04-09,29.789
2012-04-10,28.048
2012-04-11,28.662
2012-04-12,28.96
2012-04-13,28.445
2012-04-16,27.93
2012-04-17,28.912
2012-04-18,30.155
2012-04-19,30.92
2012-04-20,31.55
2012-04-23,30.878
2012-04-24,31.137
2012-04-25,31.473
2012-04-26,31.19
2012-04-27,30.701
2012-04-30,29.543
2012-05-01,30.05
2012-05-02,29.761
2012-05-03,29.823
2012-05-04,28.934
2012-05-07,29.403
2012-05-08,28.989
2012-05-09,28.585
2012-05-10,29.172
2012-05-11,28.392
2012-05-14,28.532
2012-05-15,28.332
2012-05-16,27.72
2012-05-17,25.239
2012-05-18,25.041
2012-05-21,25.589
2012-05-22,25.898
2012-05-23,24.812
2012-05-24,24.69
2012-05-25,24.712
2012-05-28,24.6
2012-05-29,24.37
2012-05-30,22.439
2012-05-31,20.856
2012-06-01,19.992
2012-06-04,20.562
2012-06-05,21.076
2012-06-06,22.82
2012-06-07,23.786
2012-06-08,22.71
2012-06-11,23.057
2012-06-12,23.747
2012-06-13,23.121
2012-06-14,23.317
2012-06-15,23.422
2012-06-18,23.948
2012-06-19,24.419
2012-06-20,24.721
2012-06-21,25.103
2012-06-22,25.314
2012-06-25,24.029
2012-06-26,24.305
2012-06-27,24.11
2012-06-28,23.185
2012-06-29,25.257
2012-07-02,24.754
2012-07-03,25.255
2012-07-04,24.554
2012-07-05,24.029
2012-07-06,23.28
2012-07-09,23.535
2012-07-10,23.145
2012-07-11,23.44
2012-07-12,22.393
2012-07-13,23.389
2012-07-16,23.225
2012-07-17,23.732
2012-07-18,23.3
2012-07-19,23.49
2012-07-20,22.523
2012-07-23,21.67
2012-07-24,21.262
2012-07-25,21.069
2012-07-26,22.78
2012-07-27,23.516
2012-07-30,22.7
2012-07-31,22.485
2012-08-01,22.059
2012-08-02,21.297
2012-08-03,22.836
2012-08-06,22.15
2012-08-07,22.942
2012-08-08,22.878
2012-08-09,22.834
2012-08-10,22.635
2012-08-13,22.901
2012-08-14,23.46
2012-08-15,23.732
2012-08-16,24.75
2012-08-17,24.758
2012-08-20,24.694
2012-08-21,25.027
2012-08-22,24.48
2012-08-23,24.43
2012-08-24,24.386
2012-08-27,24.35
2012-08-28,24.21
2012-08-29,24.574
2012-08-30,24.183
2012-08-31,24.312
2012-09-03,24.373
2012-09-04,24.512
2012-09-05,24.686
2012-09-06,25.703
2012-09-07,25.211
2012-09-10,25.11
2012-09-11,24.872
2012-09-12,25.363
2012-09-13,25.17
2012-09-14,27.179
2012-09-17,27.836
2012-09-18,27.985
2012-09-19,27.105
2012-09-20,26.92
2012-09-21,26.985
2012-09-24,26.249
2012-09-25,25.962
2012-09-26,25.566
2012-09-27,25.989
2012-09-28,25.758
2012-10-01,25.783
2012-10-02,26.084
2012-10-03,26.21
2012-10-04,27.01
2012-10-05,26.853
2012-10-08,25.614
2012-10-09,25.077
2012-10-10,25.09
2012-10-11,25.618
2012-10-12,25.98
2012-10-15,26.42
2012-10-16,27.08
2012-10-17,27.629
2012-10-18,27.264
2012-10-19,26.97
2012-10-22,27.91
2012-10-23,27.352
2012-10-24,27.88
2012-10-25,29.473
2012-10-26,28.115
2012-10-29,27.909
2012-10-30,27.951
2012-10-31,28.69
2012-11-01,29.292
2012-11-02,28.809
2012-11-05,28.281
2012-11-06,28.574
2012-11-07,27.827
2012-11-08,26.793
2012-11-09,26.384
2012-11-12,26.195
2012-11-13,26.02
2012-11-14,27.112
2012-11-15,28.69
2012-11-16,29.036
2012-11-19,29.346
2012-11-20,30.05
2012-11-21,31.63
2012-11-22,31.547
2012-11-23,32.11
2012-11-26,31.495
2012-11-27,31.548
2012-11-28,31.168
2012-11-29,31.652
2012-11-30,32.087
2012-12-03,32.331
2012-12-04,31.763
2012-12-05,32.56
2012-12-06,32.2
2012-12-07,32.186
2012-12-10,32.32
2012-12-11,32.92
2012-12-12,34.24
2012-12-13,34.583
2012-12-14,34.885
2012-12-17,35.75
2012-12-18,36.818
2012-12-19,37.218
2012-12-20,37.35
2012-12-21,36.189
2012-12-24,36.66
2012-12-25,36.27
2012-12-26,38.05
2012-12-27,38.615
2012-12-28,39.21
2012-12-31,40.828
2013-01-01,40.76
2013-01-02,41.64
2013-01-03,40.41
2013-01-04,41.657
2013-01-07,41.399
2013-01-08,39.95
2013-01-09,40.666
2013-01-10,43.02
2013-01-11,43.791
2013-01-14,43.834
2013-01-15,42.753
2013-01-16,41.374
2013-01-17,43.928
2013-01-18,42.985
2013-01-21,42.026
2013-01-22,40.379
2013-01-23,40.527
2013-01-24,42.35
2013-01-25,43.726
2013-01-28,42.43
2013-01-29,43.047
2013-01-30,44.035
2013-01-31,45.088
2013-02-01,45.734
2013-02-04,45.45
2013-02-05,46.45
2013-02-06,46.566
2013-02-07,46.967
2013-02-08,46.48
2013-02-11,47.09
2013-02-12,46.46
2013-02-13,45.201
2013-02-14,43.92
2013-02-15,45.028
2013-02-18,45.27
2013-02-19,44.281
2013-02-20,42.915
2013-02-21,42.126
2013-02-22,42.419
2013-02-25,38.666
2013-02-26,39.21
2013-02-27,39.75
2013-02-28,40.475
2013-03-01,40.575
2013-03-04,41.165
2013-03-05,41.009
2013-03-06,41.396
2013-03-07,42.366
2013-03-08,43.339
2013-03-11,43.654
2013-03-12,43.174
2013-03-13,43.378
2013-03-14,44.958
2013-03-15,43.953
2013-03-18,43.65
2013-03-19,43.428
2013-03-20,45.156
2013-03-21,44.025
2013-03-22,43.95
2013-03-25,42.844
2013-03-26,43.35
2013-03-27,42.803
2013-03-28,42.98
2013-03-29,43.078
2013-04-01,42.18
2013-04-02,41.059
2013-04-03,40.563
2013-04-04,46.49
2013-04-05,49.946
2013-04-08,51.4
2013-04-09,51.664
2013-04-10,52.909
2013-04-11,53.647
2013-04-12,51.3
2013-04-15,48.511
2013-04-16,49.989
2013-04-17,49.085
2013-04-18,49.98
2013-04-19,51.56
2013-04-22,51.871
2013-04-23,51.598
2013-04-24,51.9
2013-04-25,53.221
2013-04-26,51.895
2013-04-29,51.806
2013-04-30,51.45
2013-05-01,51.359
2013-05-02,52.15
2013-05-03,54.106
2013-05-06,54.432
2013-05-07,53.257
2013-05-08,53.73
2013-05-09,55.394
2013-05-10,56.03
2013-05-13,55.818
2013-05-14,55.72
2013-05-15,55.76
2013-05-16,56.194
2013-05-17,56.599
2013-05-20,56.18
2013-05-21,55.32
2013-05-22,54.58
2013-05-23,53.867
2013-05-24,52.896
2013-05-27,52.646
2013-05-28,53.76
2013-05-29,52.97
2013-05-30,53.389
2013-05-31,52.65
2013-06-03,52.38
2013-06-04,53.27
2013-06-05,52.74
2013-06-06,51.475
2013-06-07,51.556
2013-06-10,53.838
2013-06-11,50.217
2013-06-12,50.13
2013-06-13,48.866
2013-06-14,48.216
2013-06-17,48.617
2013-06-18,48.985
2013-06-19,49.84
2013-06-20,50.77
2013-06-21,50.696
2013-06-24,50.747
2013-06-25,50.911
2013-06-26,49.85
2013-06-27,49.981
2013-06-28,50.823
2013-07-01,51.47
2013-07-02,52.47
2013-07-03,52.7
2013-07-04,50.77
2013-07-05,50.713
2013-07-08,50.987
2013-07-09,50.215
2013-07-10,49.59
2013-07-11,50.29
2013-07-12,50.06
2013-07-15,49.996
2013-07-16,50.151
2013-07-17,51.514
2013-07-18,52.85
2013-07-19,53.17
2013-07-22,52.805
2013-07-23,52.98
2013-07-24,53.58
2013-07-25,52.766
2013-07-26,51.116
2013-07-29,50.195
2013-07-30,49.369
2013-07-31,48.947
2013-08-01,50.55
2013-08-02,51.02
2013-08-05,50.99
2013-08-06,50
2013-08-07,49.44
2013-08-08,50.18
2013-08-09,49.244
2013-08-12,49.532
2013-08-13,51.634
2013-08-14,52.192
2013-08-15,52.286
2013-08-16,52.341
2013-08-19,52.8
2013-08-20,52.42
2013-08-21,53.33
2013-08-22,53.815
2013-08-23,53.64
2013-08-26,53.395
2013-08-27,50.89
2013-08-28,51.69
2013-08-29,52.279
2013-08-30,51.994
2013-09-02,54.33
2013-09-03,54.93
2013-09-04,55.715
2013-09-05,56.078
2013-09-06,54.8
2013-09-09,56.317
2013-09-10,57.835
2013-09-11,58.12
2013-09-12,57.155
2013-09-13,57.53
2013-09-16,57.537
2013-09-17,57.63
2013-09-18,58.072
2013-09-19,59.34
2013-09-20,59.125
2013-09-23,58.514
2013-09-24,58.04
2013-09-25,58.356
2013-09-26,58.47
2013-09-27,58.531
2013-09-30,58.517
2013-10-01,58.476
2013-10-02,58.03
2013-10-03,57.18
2013-10-04,56.1
2013-10-07,55.853
2013-10-08,55.994
2013-10-09,55.287
2013-10-10,56.932
2013-10-11,57.12
2013-10-14,57.564
2013-10-15,57.284
2013-10-16,57.513
2013-10-17,58.192
2013-10-18,58.16
2013-10-21,58.559
2013-10-22,59.215
2013-10-23,57.31
2013-10-24,57.63
2013-10-25,57.52
2013-10-28,57.76
2013-10-29,57.44
2013-10-30,58.03
2013-10-31,57.668
2013-11-01,57.267
2013-11-04,57.44
2013-11-05,58.14
2013-11-06,58.719
2013-11-07,57.354
2013-11-08,58.698
2013-11-11,58.59
2013-11-12,58.45
2013-11-13,59.281
2013-11-14,60.625
2013-11-15,61.442
2013-11-18,60.867
2013-11-19,61.489
2013-11-20,60.94
2013-11-21,63.44
2013-11-22,64.312
2013-11-25,63.88
2013-11-26,64.143
2013-11-27,66.222
2013-11-28,67.05
2013-11-29,67.651
2013-12-02,68.441
2013-12-03,67.721
2013-12-04,67.493
2013-12-05,66.13
2013-12-06,68.08
2013-12-09,69.683
2013-12-10,69.014
2013-12-11,67.86
2013-12-12,68.835
2013-12-13,67.94
2013-12-16,67.93
2013-12-17,66.942
2013-12-18,70.138
2013-12-19,70.59
2013-12-20,70.027
2013-12-23,70.18
2013-12-24,70.607
2013-12-25,70.17
2013-12-26,71.94
2013-12-27,73.138
2013-12-30,73.432
2013-12-31,74.369
2014-01-01,74.19
2014-01-02,72.03
2014-01-03,71.917
2014-01-06,70.916
2014-01-07,71.47
2014-01-08,72.37
2014-01-09,72.64
2014-01-10,71.548
2014-01-13,68.651
2014-01-14,71.288
2014-01-15,71.165
2014-01-16,70.581
2014-01-17,71.05
2014-01-20,70.971
2014-01-21,71.838
2014-01-22,73.093
2014-01-23,71.584
2014-01-24,68.667
2014-01-27,70.287
2014-01-28,70.541
2014-01-29,69.152
2014-01-30,69.258
2014-01-31,67.892
2014-02-03,64.78
2014-02-04,65.95
2014-02-05,65.328
2014-02-06,66.681
2014-02-07,67.876
2014-02-10,67.651
2014-02-11,68.815
2014-02-12,70.016
2014-02-13,70.32
2014-02-14,70.51
2014-02-17,70.159
2014-02-18,70.69
2014-02-19,70.645
2014-02-20,70.394
2014-02-21,70.636
2014-02-24,70.705
2014-02-25,70.22
2014-02-26,70.607
2014-02-27,70.289
2014-02-28,70.451
2014-03-03,68.831
2014-03-04,70.473
2014-03-05,71.017
2014-03-06,72.467
2014-03-07,72.707
2014-03-10,71.782
2014-03-11,71.11
2014-03-12,70.592
2014-03-13,68.837
2014-03-14,68.526
2014-03-17,69.19
2014-03-18,68.21
2014-03-19,69.456
2014-03-20,68.949
2014-03-21,68.414
2014-03-24,68.731
2014-03-25,69.07
2014-03-26,69.284
2014-03-27,69.67
2014-03-28,71.07
2014-03-31,72.097
2014-04-01,72.45
2014-04-02,72.519
2014-04-03,72.47
2014-04-04,71.17
2014-04-07,71.3
2014-04-08,70.25
2014-04-09,71.21
2014-04-10,70.288
2014-04-11,70.091
2014-04-14,70.227
2014-04-15,70.264
2014-04-16,71.75
2014-04-17,72.03
2014-04-18,71.89
2014-04-21,72.358
2014-04-22,72.624
2014-04-23,71.866
2014-04-24,71.896
2014-04-25,71.616
2014-04-28,72.322
2014-04-29,72.618
2014-04-30,72.42
2014-05-01,72.756
2014-05-02,72.48
2014-05-05,72.21
2014-05-06,72.56
2014-05-07,72.643
2014-05-08,72.014
2014-05-09,71.534
2014-05-12,72.337
2014-05-13,72.05
2014-05-14,70.655
2014-05-15,70.514
2014-05-16,70.775
2014-05-19,70.56
2014-05-20,70.66
2014-05-21,71.392
2014-05-22,71.665
2014-05-23,71.6
2014-05-26,71.643
2014-05-27,71.399
2014-05-28,70.206
2014-05-29,70.053
2014-05-30,70.636
2014-06-02,71.51
2014-06-03,71.671
2014-06-04,71.954
2014-06-05,72.275
2014-06-06,72.33
2014-06-09,72.172
2014-06-10,71.469
2014-06-11,71.322
2014-06-12,71.04
2014-06-13,73.096
2014-06-16,72.943
2014-06-17,73.215
2014-06-18,73.07
2014-06-19,73.679
2014-06-20,73.711
2014-06-23,73.471
2014-06-24,73.06
2014-06-25,72.942
2014-06-26,73.097
2014-06-27,72.692
2014-06-30,73.394
2014-07-01,74.161
2014-07-02,74.755
2014-07-03,75.24
2014-07-04,75.052
2014-07-07,74.446
2014-07-08,73.91
2014-07-09,74.259
2014-07-10,73.578
2014-07-11,73.42
2014-07-14,73.45
2014-07-15,74.318
2014-07-16,74.299
2014-07-17,73.219
2014-07-18,73.162
2014-07-21,73.125
2014-07-22,73.108
2014-07-23,72.91
2014-07-24,72.93
2014-07-25,72.874
2014-07-28,73.009
2014-07-29,73.004
2014-07-30,73.915
2014-07-31,73.643
2014-08-01,72.586
2014-08-04,72.901
2014-08-05,73.162
2014-08-06,71.957
2014-08-07,71.738
2014-08-08,71.24
2014-08-11,71.606
2014-08-12,71.862
2014-08-13,70.98
2014-08-14,70.93
2014-08-15,70.849
2014-08-18,71.526
2014-08-19,70.994
2014-08-20,72.185
2014-08-21,72.138
2014-08-22,72.258
2014-08-25,72.409
2014-08-26,72.227
2014-08-27,72.178
2014-08-28,71.95
2014-08-29,72.716
2014-09-01,73.255
2014-09-02,73.148
2014-09-03,72.481
2014-09-04,71.784
2014-09-05,71.54
2014-09-08,70.758
2014-09-09,71.068
2014-09-10,73.01
2014-09-11,73.704
2014-09-12,74.474
2014-09-15,73.958
2014-09-16,74.409
2014-09-17,76.168
2014-09-18,78.089
2014-09-19,77.706
2014-09-22,77.964
2014-09-23,78.571
2014-09-24,78.112
2014-09-25,77.284
2014-09-26,77.573
2014-09-29,77.84
2014-09-30,77.781
2014-10-01,76.48
2014-10-02,74.95
2014-10-03,75.309
2014-10-06,74.95
2014-10-07,73.858
2014-10-08,74.87
2014-10-09,73.928
2014-10-10,72.94
2014-10-13,72.14
2014-10-14,70.208
2014-10-15,69.372
2014-10-16,71.072
2014-10-17,71.995
2014-10-20,72.753
2014-10-21,72.29
2014-10-22,72.015
2014-10-23,73.311
2014-10-24,73.85
2014-10-27,73.728
2014-10-28,74.485
2014-10-29,74.237
2014-10-30,74.83
2014-10-31,79.57
2014-11-03,81.87
2014-11-04,81.726
2014-11-05,83.235
2014-11-06,82.326
2014-11-07,81.932
2014-11-10,82.051
2014-11-11,83.692
2014-11-12,82.438
2014-11-13,81.81
2014-11-14,82.288
2014-11-17,82.11
2014-11-18,82.782
2014-11-19,84.887
2014-11-20,85.216
2014-11-21,84.269
2014-11-24,85.752
2014-11-25,85.293
2014-11-26,85.99
2014-11-27,85.155
2014-11-28,85.42
2014-12-01,86.22
2014-12-02,86.496
2014-12-03,87.93
2014-12-04,87.78
2014-12-05,89.156
2014-12-08,88.701
2014-12-09,87.464
2014-12-10,85.368
2014-12-11,87.368
2014-12-12,86.46
2014-12-15,84.04
2014-12-16,84.262
2014-12-17,84.88
2014-12-18,86.101
2014-12-19,86.951
2014-12-22,86.843
2014-12-23,87.23
2014-12-24,87.399
2014-12-25,87.08
2014-12-26,87.257
2014-12-29,87.24
2014-12-30,85.917
2014-12-31,86.67
2015-01-01,86.43
2015-01-02,84.7
2015-01-05,82.553
2015-01-06,79.85
2015-01-07,79.966
2015-01-08,80.51
2015-01-09,79.746
2015-01-12,79.45
2015-01-13,78.638
2015-01-14,78.61
2015-01-15,76.727
2015-01-16,78.246
2015-01-19,77.799
2015-01-20,79.946
2015-01-21,78.306
2015-01-22,77.74
2015-01-23,76.608
2015-01-26,78.6
2015-01-27,79.04
2015-01-28,78.08
2015-01-29,78.315
2015-01-30,76.829
2015-02-02,76.585
2015-02-03,78.25
2015-02-04,78.36
2015-02-05,80.292
2015-02-06,81.057
2015-02-09,80.45
2015-02-10,82.102
2015-02-11,83.44
2015-02-12,83.091
2015-02-13,82.885
2015-02-16,82.257
2015-02-17,83.208
2015-02-18,83.191
2015-02-19,83.344
2015-02-20,83.342
2015-02-23,83.707
2015-02-24,83.8
2015-02-25,84.523
2015-02-26,84.038
2015-02-27,84.635
2015-03-02,84.57
2015-03-03,83.941
2015-03-04,82.738
2015-03-05,83.014
2015-03-06,81.636
2015-03-09,83.398
2015-03-10,82.422
2015-03-11,81.315
2015-03-12,80.49
2015-03-13,78.975
2015-03-16,80.07
2015-03-17,78.918
2015-03-18,80.018
2015-03-19,77.84
2015-03-20,79.439
2015-03-23,79.134
2015-03-24,77.773
2015-03-25,77.734
2015-03-26,77.187
2015-03-27,77.18
2015-03-30,77.789
2015-03-31,77.983
2015-04-01,77.36
2015-04-02,77.454
2015-04-03,77.41
2015-04-06,77.918
2015-04-07,78.373
2015-04-08,78.584
2015-04-09,77.393
2015-04-10,75.941
2015-04-13,76.204
2015-04-14,76.449
2015-04-15,76.906
2015-04-16,77.946
2015-04-17,77.936
2015-04-20,77.812
2015-04-21,78.641
2015-04-22,80.31
2015-04-23,79.915
2015-04-24,80.407
2015-04-27,81.29
2015-04-28,82.142
2015-04-29,83.629
2015-04-30,83.216
2015-05-01,82.05
2015-05-04,81.61
2015-05-05,81.81
2015-05-06,82.04
2015-05-07,82.903
2015-05-08,85.021
2015-05-11,87.28
2015-05-12,87.84
2015-05-13,87.442
2015-05-14,87.996
2015-05-15,87.76
2015-05-18,87.744
2015-05-19,87.14
2015-05-20,88.3
2015-05-21,89.479
2015-05-22,88.158
2015-05-25,87.9
2015-05-26,89.302
2015-05-27,89.88
2015-05-28,89.871
2015-05-29,89.66
2015-06-01,89.682
2015-06-02,90.328
2015-06-03,90.521
2015-06-04,90.99
2015-06-05,91.837
2015-06-08,90.84
2015-06-09,91.21
2015-06-10,90.605
2015-06-11,91.54
2015-06-12,91.9
2015-06-15,92.51
2015-06-16,93.073
2015-06-17,95.24
2015-06-18,95.22
2015-06-19,94.727
2015-06-22,95.14
2015-06-23,94.887
2015-06-24,94.4
2015-06-25,94.48
2015-06-26,94.912
2015-06-29,92.634
2015-06-30,92.289
2015-07-01,92.268
2015-07-02,91.98
2015-07-03,91.273
2015-07-06,91.06
2015-07-07,89.67
2015-07-08,85.112
2015-07-09,86.62
2015-07-10,90.55
2015-07-13,91.109
2015-07-14,92.77
2015-07-15,93.36
2015-07-16,93.67
2015-07-17,93.7
2015-07-20,93.42
2015-07-21,92.77
2015-07-22,93.46
2015-07-23,92.031
2015-07-24,91.91
2015-07-27,91.71
2015-07-28,92.8
2015-07-29,93.34
2015-07-30,93.72
2015-07-31,93.53
2015-08-03,93.19
2015-08-04,93.51
2015-08-05,94.775
2015-08-06,93.47
2015-08-07,92.35
2015-08-10,94.266
2015-08-11,94.736
2015-08-12,94.06
2015-08-13,94.212
2015-08-14,94.43
2015-08-17,93.91
2015-08-18,94.77
2015-08-19,94.17
2015-08-20,93.7
2015-08-21,91.71
2015-08-24,87.391
2015-08-25,87.133
2015-08-26,85.33
2015-08-27,86.344
2015-08-28,86.925
2015-08-31,86
2015-09-01,83.3
2015-09-02,83.995
2015-09-03,82.989
2015-09-04,80.751
2015-09-07,82.42
2015-09-08,84.6
2015-09-09,85.305
2015-09-10,86.235
2015-09-11,85.968
2015-09-14,85.31
2015-09-15,84.783
2015-09-16,86.8
2015-09-17,87.23
2015-09-18,86.244
2015-09-21,86.831
2015-09-22,84.55
2015-09-23,83.291
2015-09-24,82.79
2015-09-25,83.19
2015-09-28,81.766
2015-09-29,81.269
2015-09-30,81.41
2015-10-01,81.399
2015-10-02,82.224
2015-10-05,82.53
2015-10-06,83.202
2015-10-07,83.72
2015-10-08,84.08
2015-10-09,84.14
2015-10-12,84.07
2015-10-13,82.62
2015-10-14,84.025
2015-10-15,84.072
2015-10-16,84.53
2015-10-19,84.77
2015-10-20,85.154
2015-10-21,85.005
2015-10-22,85.75
2015-10-23,85.953
2015-10-26,85.788
2015-10-27,84.173
2015-10-28,84.941
2015-10-29,85.494
2015-10-30,86.04
2015-11-02,86.176
2015-11-03,86.592
2015-11-04,86.99
2015-11-05,85.17
2015-11-06,85.4
2015-11-09,86.11
2015-11-10,86.24
2015-11-11,86.92
2015-11-12,86.688
2015-11-13,86.8
2015-11-16,87.345
2015-11-17,87.66
2015-11-18,88.215
2015-11-19,87.835
2015-11-20,86.64
2015-11-23,85.77
2015-11-24,84.778
2015-11-25,85.649
2015-11-26,85.01
2015-11-27,84.645
2015-11-30,85.297
2015-12-01,85.264
2015-12-02,83.98
2015-12-03,85.472
2015-12-04,86.06
2015-12-07,85.728
2015-12-08,84.55
2015-12-09,83.86
2015-12-10,84.354
2015-12-11,83.99
2015-12-14,82.964
2015-12-15,82.96
2015-12-16,83.347
2015-12-17,82.912
2015-12-18,80.904
2015-12-21,80.17
2015-12-22,79.29
2015-12-23,79.78
2015-12-24,79.74
2015-12-25,79.398
2015-12-28,79.12
2015-12-29,78.54
2015-12-30,78.68
2015-12-31,77.14
2016-01-01,77.14
2016-01-04,75.69
2016-01-05,74.57
2016-01-06,73.28
2016-01-07,71.88
2016-01-08,70.668
2016-01-11,71.28
2016-01-12,70.005
2016-01-13,70.19
2016-01-14,70.242
2016-01-15,66.66
2016-01-18,67.46
2016-01-19,66.628
2016-01-20,65.817
2016-01-21,67.16
2016-01-22,69.57
2016-01-25,68.595
2016-01-26,70.037
2016-01-27,68.862
2016-01-28,70.587
2016-01-29,72.503
2016-02-01,74.85
2016-02-02,72.951
2016-02-03,71.9
2016-02-04,70.175
2016-02-05,69.595
2016-02-08,66.67
2016-02-09,66.328
2016-02-10,64.74
2016-02-11,62.45
2016-02-12,64.348
2016-02-15,65.43
2016-02-16,62.711
2016-02-17,62.663
2016-02-18,62.52
2016-02-19,61.78
2016-02-22,59.665
2016-02-23,57.167
2016-02-24,56.001
2016-02-25,57.585
2016-02-26,57.82
2016-02-29,57.09
2016-03-01,58.91
2016-03-02,59.52
2016-03-03,61.223
2016-03-04,62.147
2016-03-07,61.66
2016-03-08,59.988
2016-03-09,61.067
2016-03-10,61.54
2016-03-11,63.66
2016-03-14,62.74
2016-03-15,60.08
2016-03-16,60.552
2016-03-17,61.542
2016-03-18,61.698
2016-03-21,60.87
2016-03-22,59.61
2016-03-23,58.67
2016-03-24,59.73
2016-03-25,59.795
2016-03-28,61.55
2016-03-29,62.07
2016-03-30,61.652
2016-03-31,61.686
2016-04-01,58.795
2016-04-04,58.908
2016-04-05,56.21
2016-04-06,54.917
2016-04-07,52.488
2016-04-08,52.77
2016-04-11,53.681
2016-04-12,54.81
2016-04-13,55.24
2016-04-14,54.68
2016-04-15,54.36
2016-04-18,55.265
2016-04-19,57.17
2016-04-20,57.546
2016-04-21,56.74
2016-04-22,60.819
2016-04-25,60.923
2016-04-26,62.33
2016-04-27,61.91
2016-04-28,57.7
2016-04-29,55.524
2016-05-02,56.129
2016-05-03,54.698
2016-05-04,55.064
2016-05-05,55.33
2016-05-06,54.5
2016-05-09,56.222
2016-05-10,57.69
2016-05-11,56.74
2016-05-12,57.58
2016-05-13,56.135
2016-05-16,56.84
2016-05-17,57.62
2016-05-18,60.715
2016-05-19,60.689
2016-05-20,59.51
2016-05-23,58.198
2016-05-24,60.86
2016-05-25,62.02
2016-05-26,60.9
2016-05-27,61.23
2016-05-30,62.623
2016-05-31,60.298
2016-06-01,57.8
2016-06-02,57.089
2016-06-03,54.773
2016-06-06,55.349
2016-06-07,56.1
2016-06-08,55.27
2016-06-09,54.83
2016-06-10,52.24
2016-06-13,51.12
2016-06-14,49.5
2016-06-15,50.278
2016-06-16,48.146
2016-06-17,49.647
2016-06-20,52.67
2016-06-21,53.28
2016-06-22,53.256
2016-06-23,56.808
2016-06-24,40.058
2016-06-27,34.533
2016-06-28,37.058
2016-06-29,37.95
2016-06-30,37.169
2016-07-01,36.07
2016-07-04,36.311
2016-07-05,32.36
2016-07-06,30.97
2016-07-07,29.877
2016-07-08,30.169
2016-07-11,33.737
2016-07-12,39.02
2016-07-13,37.159
2016-07-14,40.664
2016-07-15,39.505
2016-07-18,40.787
2016-07-19,38.746
2016-07-20,41.294
2016-07-21,39.543
2016-07-22,39.132
2016-07-25,38.935
2016-07-26,37.442
2016-07-27,39.244
2016-07-28,38.555
2016-07-29,34.976
2016-08-01,34.994
2016-08-02,34.695
2016-08-03,34.669
2016-08-04,32.768
2016-08-05,33.043
2016-08-08,33.539
2016-08-09,32.497
2016-08-10,31.721
2016-08-11,32.104
2016-08-12,30.702
2016-08-15,30.372
2016-08-16,30.725
2016-08-17,30.773
2016-08-18,31.61
2016-08-19,30.961
2016-08-22,31.67
2016-08-23,32.233
2016-08-24,32.866
2016-08-25,32.548
2016-08-26,33.67
2016-08-29,33.668
2016-08-30,34.717
2016-08-31,35.784
2016-09-01,37.005
2016-09-02,38.205
2016-09-05,37.6
2016-09-06,37.092
2016-09-07,35.701
2016-09-08,36.326
2016-09-09,36.335
2016-09-12,35.77
2016-09-13,35.454
2016-09-14,35.44
2016-09-15,35.289
2016-09-16,33.263
2016-09-19,32.703
2016-09-20,32.123
2016-09-21,30.815
2016-09-22,31.891
2016-09-23,31.047
2016-09-26,30.069
2016-09-27,30.561
2016-09-28,30.954
2016-09-29,31.047
2016-09-30,31.512
2016-10-03,30.528
2016-10-04,30.867
2016-10-05,32.102
2016-10-06,31.287
2016-10-07,28.058
2016-10-10,28.029
2016-10-11,25.412
2016-10-12,27.299
2016-10-13,26.937
2016-10-14,26.949
2016-10-17,26.572
2016-10-18,27.602
2016-10-19,27.011
2016-10-20,27.304
2016-10-21,26.933
2016-10-24,27.38
2016-10-25,27.02
2016-10-26,27.858
2016-10-27,28.03
2016-10-28,27.624
2016-10-31,28.285
2016-11-01,27.37
2016-11-02,27.133
2016-11-03,28.256
2016-11-04,28.991
2016-11-07,29.622
2016-11-08,30.186
2016-11-09,31.594
2016-11-10,34.263
2016-11-11,34.551
2016-11-14,35.404
2016-11-15,36.047
2016-11-16,35.763
2016-11-17,36.54
2016-11-18,36.902
2016-11-21,38.76
2016-11-22,37.996
2016-11-23,40.037
2016-11-24,41.02
2016-11-25,41.008
2016-11-28,39.288
2016-11-29,40.431
2016-11-30,42.954
2016-12-01,43.441
2016-12-02,44.369
2016-12-05,44.281
2016-12-06,44.569
2016-12-07,43.642
2016-12-08,43.493
2016-12-09,44.873
2016-12-12,45.791
2016-12-13,45.835
2016-12-14,47.064
2016-12-15,46.7
2016-12-16,47.187
2016-12-19,45.088
2016-12-20,45.608
2016-12-21,45.207
2016-12-22,44.38
2016-12-23,43.936
2016-12-26,43.88
2016-12-27,44.186
2016-12-28,43.197
2016-12-29,42.917
2016-12-30,43.9
2017-01-02,44.31
2017-01-03,43.916
2017-01-04,44.649
2017-01-05,43.51
2017-01-06,43.777
2017-01-09,41.183
2017-01-10,40.784
2017-01-11,40.91
2017-01-12,39.386
2017-01-13,39.547
2017-01-16,37.506
2017-01-17,39.787
2017-01-18,40.115
2017-01-19,41.6
2017-01-20,41.662
2017-01-23,41.305
2017-01-24,42.315
2017-01-25,43.131
2017-01-26,44.128
2017-01-27,44.415
2017-01-30,41.789
2017-01-31,41.868
2017-02-01,43.313
2017-02-02,41.186
2017-02-03,40.843
2017-02-06,39.323
2017-02-07,40.393
2017-02-08,40.401
2017-02-09,41.52
2017-02-10,41.565
2017-02-13,42.346
2017-02-14,42.328
2017-02-15,42.214
2017-02-16,41.392
2017-02-17,40.243
2017-02-20,40.945
2017-02-21,41.684
2017-02-22,40.89
2017-02-23,41.39
2017-02-24,39.466
2017-02-27,40.27
2017-02-28,39.326
2017-03-01,39.678
2017-03-02,40.331
2017-03-03,40.073
2017-03-06,39.374
2017-03-07,39.147
2017-03-08,39.168
2017-03-09,39.967
2017-03-10,39.764
2017-03-13,40.367
2017-03-14,39.462
2017-03-15,39.31
2017-03-16,40.044
2017-03-17,39.62
2017-03-20,39.065
2017-03-21,39.573
2017-03-22,38.565
2017-03-23,38.871
2017-03-24,38.383
2017-03-27,38.903
2017-03-28,38.327
2017-03-29,38.086
2017-03-30,39.325
2017-03-31,39.499
2017-04-03,38.468
2017-04-04,37.78
2017-04-05,38.297
2017-04-06,38.17
2017-04-07,37.646
2017-04-10,37.754
2017-04-11,36.951
2017-04-12,36.898
2017-04-13,36.472
2017-04-14,36.074
2017-04-17,36.811
2017-04-18,39.238
2017-04-19,39.088
2017-04-20,40.041
2017-04-21,39.667
2017-04-24,40.396
2017-04-25,42.5
2017-04-26,43.022
2017-04-27,43.509
2017-04-28,44.305
2017-05-01,44.113
2017-05-02,44.804
2017-05-03,45.047
2017-05-04,45.283
2017-05-05,46.051
2017-05-08,46.331
2017-05-09,47.591
2017-05-10,47.94
2017-05-11,46.766
2017-05-12,46
2017-05-15,46.605
2017-05-16,45.998
2017-05-17,43.947
2017-05-18,44.21
2017-05-19,44.903
2017-05-22,44.528
2017-05-23,44.849
2017-05-24,44.611
2017-05-25,44.637
2017-05-26,42.499
2017-05-29,42.941
2017-05-30,42.429
2017-05-31,42.568
2017-06-01,43.397
2017-06-02,42.261
2017-06-05,42.63
2017-06-06,41.191
2017-06-07,42.172
2017-06-08,42.374
2017-06-09,40.304
2017-06-12,38.994
2017-06-13,40.271
2017-06-14,39.797
2017-06-15,41.47
2017-06-16,41.714
2017-06-19,42.031
2017-06-20,40.767
2017-06-21,41.077
2017-06-22,41.197
2017-06-23,41.526
2017-06-26,42.307
2017-06-27,43.802
2017-06-28,45.104
2017-06-29,45.638
2017-06-30,46.4
2017-07-03,46.813
2017-07-04,46.39
2017-07-05,46.35
2017-07-06,46.8
2017-07-07,46.903
2017-07-10,46.855
2017-07-11,46.315
2017-07-12,45.785
2017-07-13,46.585
2017-07-14,47.391
2017-07-17,46.992
2017-07-18,46.089
2017-07-19,45.59
2017-07-20,45.279
2017-07-21,44.31
2017-07-24,44.825
2017-07-25,45.513
2017-07-26,45.71
2017-07-27,45.233
2017-07-28,45.345
2017-07-31,45.41
2017-08-01,45.67
2017-08-02,46.3
2017-08-03,44.49
2017-08-04,44.22
2017-08-07,44.23
2017-08-08,43.31
2017-08-09,42.84
2017-08-10,41.77
2017-08-11,41.84
2017-08-14,42.16
2017-08-15,42.22
2017-08-16,41.96
2017-08-17,41.6
2017-08-18,40.59
2017-08-21,40.32
2017-08-22,40.4
2017-08-23,39.53
2017-08-24,40.13
2017-08-25,40.71
2017-08-28,41.12
2017-08-29,41.92
2017-08-30,42.58
2017-08-31,42.03
2017-09-01,42.77
2017-09-04,41.93
2017-09-05,41.7
2017-09-06,42.55
2017-09-07,42.1
2017-09-08,42.27
2017-09-11,43.98
2017-09-12,46.27
2017-09-13,45.95
2017-09-14,48.05
2017-09-15,50.4
2017-09-18,50.66
2017-09-19,50.66
2017-09-20,51.44
2017-09-21,52.68
2017-09-22,51.2
2017-09-25,50.3
2017-09-26,50.89
2017-09-27,51.05
2017-09-28,51.06
2017-09-29,50.74
2017-10-02,49.42
2017-10-03,49.51
2017-10-04,49.41
2017-10-05,47.96
2017-10-06,47.22
2017-10-09,48.08
2017-10-10,48.4
2017-10-11,48.59
2017-10-12,48.85
2017-10-13,48.69
2017-10-16,48.62
2017-10-17,47.89
2017-10-18,49
2017-10-19,48.15
2017-10-20,49.65
2017-10-23,50.11
2017-10-24,49.33
2017-10-25,50.68
2017-10-26,49.89
2017-10-27,49.12
2017-10-30,49.31
2017-10-31,50.94
2017-11-01,51.28
2017-11-02,48.93
2017-11-03,49.25
2017-11-06,49.76
2017-11-07,49.73
2017-11-08,48.86
2017-11-09,48.89
2017-11-10,49.81
2017-11-13,49
2017-11-14,49.28
2017-11-15,48.56
2017-11-16,48.84
2017-11-17,48.03
2017-11-20,49.09
2017-11-21,48.77
2017-11-22,48.08
2017-11-23,47.86
2017-11-24,48.74
2017-11-27,47.82
2017-11-28,49.07
2017-11-29,50.13
2017-11-30,52.09
2017-12-01,50.89
2017-12-04,51.56
2017-12-05,51.26
2017-12-06,50.11
2017-12-07,52.27
2017-12-08,52.07
2017-12-11,51.4
2017-12-12,51.13
2017-12-13,50.94
2017-12-14,50.72
2017-12-15,50.04
2017-12-18,50.58
2017-12-19,51.15
2017-12-20,51.87
2017-12-21,51.59
2017-12-22,51.46
2017-12-25,51.46
2017-12-26,51.35
2017-12-27,51.66
2017-12-28,51.7
2017-12-29,52.27
2018-01-01,52.27
2018-01-02,52.62
2018-01-03,51.96
2018-01-04,52.77
2018-01-05,53.44
2018-01-08,53.33
2018-01-09,52.41
2018-01-10,50.36
2018-01-11,50.29
2018-01-12,52.43
2018-01-15,52.49
2018-01-16,52.08
2018-01-17,54.1
2018-01-18,54.19
2018-01-19,53.36
2018-01-22,55.16
2018-01-23,54.35
2018-01-24,54.91
2018-01-25,54.51
2018-01-26,53.74
2018-01-29,53.34
2018-01-30,53.82
2018-01-31,54.99
2018-02-01,55.99
2018-02-02,55.74
2018-02-05,52.44
2018-02-06,52.76
2018-02-07,51.96
2018-02-08,51.11
2018-02-09,50.42
2018-02-12,50.31
2018-02-13,49.43
2018-02-14,49.98
2018-02-15,49.54
2018-02-16,49
2018-02-19,49.2
2018-02-20,49.93
2018-02-21,49.84
2018-02-22,48.86
2018-02-23,48.96
2018-02-26,49.34
2018-02-27,49.38
2018-02-28,46.73
2018-03-01,46.26
2018-03-02,45.59
2018-03-05,46.89
2018-03-06,47.46
2018-03-07,47.26
2018-03-08,46.57
2018-03-09,47.82
2018-03-12,47.87
2018-03-13,48.96
2018-03-14,48.4
2018-03-15,47.91
2018-03-16,47.78
2018-03-19,48.85
2018-03-20,49.11
2018-03-21,49.93
2018-03-22,48.94
2018-03-23,48.23
2018-03-26,49.78
2018-03-27,49.33
2018-03-28,50.34
2018-03-29,49.39
2018-03-30,49.18
2018-04-02,48.64
2018-04-03,49.87
2018-04-04,50.23
2018-04-05,50.37
2018-04-06,50.44
2018-04-09,50.81
2018-04-10,51.99
2018-04-11,51.53
2018-04-12,52.48
2018-04-13,52.87
2018-04-16,53.43
2018-04-17,52.87
2018-04-18,52.34
2018-04-19,51.26
2018-04-20,50.7
2018-04-23,51.37
2018-04-24,51.8
2018-04-25,52.37
2018-04-26,52.25
2018-04-27,50.26
2018-04-30,50.28
2018-05-01,49.5
2018-05-02,49.03
2018-05-03,48.16
2018-05-04,47.77
2018-05-07,47.87
2018-05-08,47.52
2018-05-09,48.67
2018-05-10,47.83
2018-05-11,48.02
2018-05-14,48.81
2018-05-15,48.817
2018-05-16,49.398
2018-05-17,49.957
2018-05-18,49.181
2018-05-21,49.176
2018-05-22,48.812
2018-05-23,48.125
2018-05-24,46.447
2018-05-25,46.488
2018-05-28,45.429
2018-05-29,45.759
2018-05-30,45.175
2018-05-31,43.901
2018-06-01,44.449
2018-06-04,44.85
2018-06-05,46.176
2018-06-06,46.567
2018-06-07,46.227
2018-06-08,47.252
2018-06-11,47.571
2018-06-12,47.327
2018-06-13,46.826
2018-06-14,46.645
2018-06-15,46.877
2018-06-18,46.33
2018-06-19,44.93
2018-06-20,45.54
2018-06-21,45.58
2018-06-22,45.72
2018-06-25,45.3
2018-06-26,45.62
2018-06-27,44.69
2018-06-28,44.56
2018-06-29,46.23
2018-07-02,45.66
2018-07-03,45.52
2018-07-04,46.04
2018-07-05,46.26
2018-07-06,46.55
2018-07-09,46.87
2018-07-10,47.61
2018-07-11,47.98
2018-07-12,48.59
2018-07-13,48.56
2018-07-16,48.56
2018-07-17,48.08
2018-07-18,47.4